Project_ID;Organization;Short_project_description;Year_technical_go_live;Organisation_profile;Business_domain;Development_method;Primary_programming_language;Development_class;Functional_size_FP;Actual_duration_months;Actual_cost_EUR;Actual_effort_hours;Defects_process;Defects_first_month;Stakeholder_satisfaction_process;Stakeholder Satisfaction - Product;Perceived_value_overall;Release_based_working;Once_only_project;Multi_application_release;Phased_project;Dependencies_with_other_applications;Single_application;Migration_project;Problems_with_external_supplier;Security_related_project;Package_of_the_shelf;Package_with_customization;Steady_heartbeat;Fixed_experienced_team;Many_team_changes_unexperienced_team;Legacy_application;Technology_driven_project;Rules_and_regulations_driven_project;Business_driven_project;Pilot_or_proof_of_concept
411;Beltel;T5 Timers - QW from MSP. Small enhancement to an existing system. Performed by a team of the strategic partner (Indian, partly onsite, partly offsite). Project manager of the Telecom company (onsite). Project 4.1 in Elsevier Information and Software Technology         https://doi.org/10.1016/j.infsof.2017.04.008;2015;Telecommunications;Client and Account Management;Plan-driven;;Conversion (<5% new);35;19,03;110.643;;30;1;2,50;2,50;3,06;0;0;1;0;1;0;0;0;0;0;0;0;0;0;0;0;0;1;0
429;Beltel;Easy Script (clean up master MSISDN). Small enhancement to an existing system. Plan-driven delivery approach. Performed by a team of the strategic partner (Indian, partly onsite, partly offsite). Project manager of the Telecom company (onsite). Project 6.6 in Elsevier Information and Software Technology         https://doi.org/10.1016/j.infsof.2017.04.008;2015;Telecommunications;Billing;Plan-driven;;New Development;28;10,29;67.733;;7;;2,60;3,00;2,96;0;1;0;0;1;0;0;0;0;0;0;0;0;0;0;0;0;1;0
430;Beltel;Campaign Management Tool (Comviva) WP05. Sub-project of a large implementation of a new Campaign Management system in the CX department (Customer Experience). Plan-driven development approach. Globally distributed team: Project Manager, Business Analyst, Main Developer, Testers onsite, developers offsite (India). High management attention due to regular budget and schedule overrun. Project suffered from a bad image in Telecom organisation due to ongoing problems and many defects. Project 5.2 in Elsevier Information and Software Technology         https://doi.org/10.1016/j.infsof.2017.04.008;2015;Telecommunications;Client and Account Management;Plan-driven;;Major Enhancement (25-75% new);50;11,90;143.575;34;72;;2,75;3,75;3,71;0;1;0;0;1;0;0;0;0;0;0;0;0;0;0;0;0;1;0
403;Beltel;Campaign Management - Change Request 2. Sub-project of a large implementation of a new Campaign Management system in the CX department (Customer Experience). Plan-driven development approach. Globally distributed team: Project Manager, Business Analyst, Main Developer, Testers onsite, developers offsite (India). High management attention due to regular budget and schedule overrun. Project suffered from a bad imago in Telecom organisation due to ongoing problems and many defects. Project 3.4 in Elsevier Information and Software Technology         https://doi.org/10.1016/j.infsof.2017.04.008;2015;Telecommunications;Data Warehouse & BI;Scrum;;Conversion (<5% new);177;9,69;143.575;;142;;2,83;2,83;3,63;0;0;1;0;1;0;0;0;0;0;0;0;0;0;0;0;0;1;0
434;Beltel;Integrate payment by Credit-card Aliases. Small enhancement to an existing Billing system. Plan-driven delivery approach. Performed by a team of the strategic partner (Indian, partly onsite, partly offsite). Project manager of the Telecom company (onsite). Project 6.1 in Elsevier Information and Software Technology         https://doi.org/10.1016/j.infsof.2017.04.008;2015;Telecommunications;Internet & Mobile;Plan-driven;;Major Enhancement (25-75% new);12;10,29;38.455;;4;;3,00;4,00;;0;1;0;0;0;1;0;0;0;0;0;0;0;0;0;0;0;1;0
441;Beltel;Migration IPG. Migration project in an existing IPG system. Plan-driven delivery approach. Performed by a team of the strategic partner (Indian, partly onsite, partly offsite). Project manager of the Telecom company (onsite). Project 6.9 in Elsevier Information and Software Technology         https://doi.org/10.1016/j.infsof.2017.04.008;2015;Telecommunications;Client and Account Management;Plan-driven;;Major Enhancement (25-75% new);125;14,66;255.585;;15;;3,00;3,00;3,25;0;1;0;0;0;0;1;0;0;0;0;0;0;0;0;0;0;0;0
439;Beltel;E-Invoice for all SoHo Customers. Small enhancement to an existing Billing system. Plan-driven delivery approach. Performed by a team of the strategic partner (Indian, partly onsite, partly offsite). Project manager of the Telecom company (onsite). Project 6.5 in Elsevier Information and Software Technology         https://doi.org/10.1016/j.infsof.2017.04.008;2015;Telecommunications;Billing;Plan-driven;;New Development;25;13,67;63.632;;1;;3,17;2,83;3,69;0;1;0;0;0;0;0;0;0;0;0;0;0;0;0;0;0;1;0
425;Beltel;"Enhancements project on an existing Billing application; fixed price based on pre-project proposal; build and test performed by Indian supplier with strategic outsourcing agreement with Beltel; projectteam with members in Belgium and India; Admin Fee for SoHo Customers";2015;Telecommunications;Billing;Plan-driven;;New Development;12;10,98;54.500;;4;;3,40;3,40;2,61;0;0;1;0;1;0;0;0;0;0;0;0;0;0;0;0;0;1;0
438;Beltel;Adapt T&C Procedure DOB Wmode Platform. Small enhancement to an existing system. Plan-driven delivery approach. Performed by a team of the strategic partner (Indian, partly onsite, partly offsite). Project manager of the Telecom company (onsite). Project 6.4 in Elsevier Information and Software Technology         https://doi.org/10.1016/j.infsof.2017.04.008;2015;Telecommunications;Billing;Plan-driven;;Major Enhancement (25-75% new);24;9,50;38.554;;;;3,50;3,50;3,50;0;1;0;0;0;0;0;0;0;0;0;0;0;0;0;0;0;1;0
391;Beltel;"Maintenance and enhancements project on an existing Billing application; fixed price based on pre-project proposal; build and test performed by Indian supplier with strategic outsourcing agreement with Beltel; projectteam with members in Belgium and India; BillShock Opt Out Script For Split Bill
";2014;Telecommunications;Billing;Plan-driven;;Major Enhancement (25-75% new);13;5,16;33.659;;;;3,63;3,63;3,44;0;0;1;0;1;0;0;0;0;0;0;0;0;0;0;0;0;1;0
390;Beltel;"Mobile App Phase 2 (v1.4): new features and enhancements. Development of new functionality to a recently implemented new mobile app. Development team offsite (Belgium) at frontend app development supplier (a fixed supplier for all app development for the Telecom company). Happy customers; high visability within the company and towards end-customers. Project 3.5 in Elsevier Information and Software Technology         https://doi.org/10.1016/j.infsof.2017.04.008";2014;Telecommunications;Internet & Mobile;Plan-driven;;Major Enhancement (25-75% new);232;12,59;100.752;;51;;3,70;3,70;3,83;0;0;1;0;0;1;0;0;0;0;0;0;0;0;0;0;0;1;0
431;Beltel;Shopper user interface e-services. New development in the frontend (including mobile) environment by a team of the fixed supplier for frontend development (offsite, Belgium). Project manager of the Telecom company onsite. Project 6.8 in Elsevier Information and Software Technology         https://doi.org/10.1016/j.infsof.2017.04.008;2015;Telecommunications;Internet & Mobile;Plan-driven;;Conversion (<5% new);92;10,75;74.451;;3;;3,75;4,25;3,33;0;1;0;0;0;1;0;0;0;0;0;0;0;0;0;0;0;1;0
440;Beltel;No VAT on the late payment fee. Rules- and regulations driven small enhancement to existing Billing system. Small project team of onsite Project Manager and Business Analyst and offsite Indian developers. Project 6.7 in Elsevier Information and Software Technology         https://doi.org/10.1016/j.infsof.2017.04.008;2015;Telecommunications;Billing;Plan-driven;;Minor Enhancement (5-25% new);42;11,67;46.599;;3;;4,00;3,20;3,25;0;1;0;0;0;1;0;0;0;0;0;0;0;0;0;0;1;0;0
444;Beltel;"New functionality project on a new application; part of a (phased) program; fixed price based on pre-project proposal; build and test performed by Indian supplier with strategic outsourcing agreement with Beltel; projectteam with members in Belgium, India and Portugal; Order Management System - Dealer Portal";2015;Telecommunications;Billing;Plan-driven;;Major Enhancement (25-75% new);324;10,29;296.000;;223;;4,00;4,00;2,83;0;0;1;0;0;1;0;0;0;0;0;1;1;0;0;0;0;1;0
435;Beltel;Apple Store SSO and QR Code (PV). Project 6.2 in Elsevier Information and Software Technology         https://doi.org/10.1016/j.infsof.2017.04.008;2015;Telecommunications;Internet & Mobile;Plan-driven;;Major Enhancement (25-75% new);13;7,03;64.684;;;;4,00;4,00;3,00;0;1;0;0;0;1;0;0;0;0;0;0;0;0;0;0;0;1;0
427;Beltel;Project 4.3 in Elsevier Information and Software Technology         https://doi.org/10.1016/j.infsof.2017.04.008;2015;Telecommunications;Internet & Mobile;Plan-driven;;New Development;130;10,81;210.300;75;3;;4,19;4,19;3,86;0;1;0;0;1;0;0;0;0;0;0;0;0;0;0;0;0;1;0
267;Bank A;"Maintenance project on an existing savings application; Savings Continuity Interest Points";2011;Banking;Savings & Loans;Plan-driven;JAVA;Minor Enhancement (5-25% new);18;5,00;146.000;;2;0;;;;0;1;0;0;0;1;0;0;0;0;0;0;0;0;0;0;0;1;0
322;Beltel;"Maintenance and enhancements project on an existing internet application; fixed price based on pre-project proposal; build and test performed by Indian supplier with strategic outsourcing agreement with Beltel; projectteam with members in Belgium and India; Corrections on BIA tool";2012;Telecommunications;Internet & Mobile;Plan-driven;JAVA;Major Enhancement (25-75% new);72;5,52;41.800;;5;0;;;;0;0;1;0;0;1;0;0;0;0;0;0;0;0;0;1;0;0;0
306;Bank A;"Maintenance and new functionality project on an existing intranet application; Intranet Priority 1 Search Engine";2012;Banking;Organization;Plan-driven;JAVA;Conversion (<5% new);191;19,32;374.140;;19;0;;;;0;1;0;0;0;1;0;0;0;0;1;0;0;0;0;0;0;1;0
307;Bank A;"Maintenance and new functionality project on an existing finance & risk application; Paddock";2012;Banking;Finance & Risk;Plan-driven;JAVA;Major Enhancement (25-75% new);702;23,32;551.140;;148;0;;;;0;1;0;0;0;1;0;0;0;0;1;0;0;0;0;0;0;1;0
269;Bank A;"Maintenance and enhancement project on an existing savings application; Savings Harmonize Business";2011;Banking;Savings & Loans;Plan-driven;JAVA;Minor Enhancement (5-25% new);53;14,04;235.800;;3;1;;;;0;1;0;0;0;1;0;0;0;0;0;0;0;0;0;0;0;1;0
412;Beltel;"Enhancements project on an existing Billing application; fixed price based on pre-project proposal; build and test performed by Indian supplier with strategic outsourcing agreement with Beltel; projectteam with members in Belgium and India; Bill Shock - Change Request 3.0";2015;Telecommunications;Billing;Plan-driven;;New Development;5;3,38;12.465;1.130;7;1;;;;0;0;1;0;1;0;0;0;0;0;0;0;0;0;0;0;0;1;0
413;Beltel;"New functionality project on a new application; part of a (phased) program; fixed price based on pre-project proposal; build and test performed by Indian supplier with strategic outsourcing agreement with Beltel; projectteam with members in Belgium, India and Portugal; Order Management System - Phase 2";2015;Telecommunications;Billing;Scrum;;New Development;56;9,14;300.000;;7;1;;;;0;0;1;0;1;0;0;0;0;0;0;0;0;1;0;1;0;0;0
421;Beltel;"New functionality and enhancements project on an existing Billing application; rules and regulations driven;  fixed price based on pre-project proposal; build and test performed by Indian supplier with strategic outsourcing agreement with Beltel; projectteam with members in Belgium and India; SEPA DD Implementation";2015;Telecommunications;Billing;Plan-driven;;Minor Enhancement (5-25% new);130;8,61;544.437;;31;1;;;;0;0;1;0;1;0;0;0;0;0;0;0;0;0;0;0;1;0;0
422;Beltel;"Enhancements project on an existing Billing application; fixed price based on pre-project proposal; rules and regulations driven; build and test performed by Indian supplier with strategic outsourcing agreement with Beltel; projectteam with members in Belgium and India; SEPA DD Implementation Plan B";2015;Telecommunications;Billing;Plan-driven;;Major Enhancement (25-75% new);8;8,61;11.088;;39;1;;;;0;0;1;0;1;0;0;0;0;0;0;0;0;0;0;0;1;0;0
305;Bank A;"Maintenance and new functionality project on an existing intranet application; Intranet Priority 3 Collaboration (BUZZ 1.0)";2012;Banking;Organization;Plan-driven;JAVA;New Development;577;16,48;582.370;;;1;;;;0;1;0;0;0;1;0;0;0;0;1;0;0;0;0;0;0;1;1
415;Beltel;"Enhancements project on an existing Billing application; fixed price based on pre-project proposal; build and test performed by Indian supplier with strategic outsourcing agreement with Beltel; projectteam with members in Belgium and India; Bill Shock";2015;Telecommunications;Billing;Plan-driven;;New Development;163;12,36;467.000;;59;2;;;;0;0;1;0;1;0;0;0;0;0;0;0;0;0;0;0;0;1;0
348;Bank A;"Maintenance, enhancements and new functionality release on an existing payments application; Loan IQ Finance Interface Phase 2";2012;Banking;Payments;Plan-driven;JAVA;Major Enhancement (25-75% new);314;10,99;1.100.000;;150;2;;;;0;0;0;1;0;1;0;0;0;0;0;0;0;0;0;1;0;0;0
253;Bank A;"Maintenance and new functionality project on an existing data warehouse application; part of a large customer migration program; Private Banking Target Landscape";2011;Banking;Data Warehouse & BI;Plan-driven;JAVA;Major Enhancement (25-75% new);275;6,77;175.000;;;2;;;;0;0;0;1;1;0;1;0;0;0;0;0;1;0;0;0;1;0;0
309;Bank A;"Maintenance and new functionality project on an existing intranet application; Buzz Collaboration Application 2.0";2012;Banking;Organization;Plan-driven;JAVA;New Development;444;11,94;599.820;;18;3;;;;0;1;0;0;0;1;0;0;0;0;1;0;0;0;0;0;0;1;0
338;Bank A;"Maintenance and enhancements project on an existing payments application; part of a (phased) program; Loan IQ Finance Interface Phase 1";2011;Banking;Payments;Plan-driven;COBOL;New Development;299;10,04;806.510;;;3;;;;0;0;0;1;0;1;0;0;0;0;0;0;0;0;0;1;0;0;0
337;Bank A;"Maintenance and enhancements release on an existing payments application; part of a (phased) program; Uniform RC Phase ll";2011;Banking;Payments;Plan-driven;COBOL;Minor Enhancement (5-25% new);254;17,95;609.000;;;4;;;;0;0;0;1;0;1;0;0;0;0;0;0;0;0;0;0;0;1;0
211;Bank A;"Maintenance and new functionality project on an existing internet customer advisory application; Functionality Meastro & Third Party Accounts (R5)";2011;Banking;Internet & Mobile;Plan-driven;JAVA;Minor Enhancement (5-25% new);106;11,40;483.160;;14;7;;;;0;0;0;1;1;0;0;0;0;0;1;0;1;0;0;0;0;1;0
268;Bank A;"Maintenance and new functionality project on an existing customer information management application; part of a large customer migration program; Private Banking Client Administration Migration";2011;Banking;Client and Account Management;Plan-driven;JAVA;New Development;494;12,80;3.694.220;;193;8;;;;0;0;0;1;1;0;1;0;0;0;0;0;0;0;1;0;1;0;0
416;Beltel;"Enhancements project on an existing CRM application; fixed price based on pre-project proposal; build and test performed by Indian supplier with strategic outsourcing agreement with Beltel; projectteam with members in Belgium and India; Cloud Services";2015;Telecommunications;Client and Account Management;Plan-driven;;New Development;11;7,30;176.126;;22;10;;;;0;0;1;0;1;0;0;0;0;0;0;0;0;0;0;0;0;1;0
314;Beltel;"New functionality project on an new CRM application; fixed price based on pre-project proposal; build and test performed by Indian supplier with strategic outsourcing agreement with Beltel; projectteam with members in Belgium and India; part of a large (phased) program; Customer Zone Phase 1";2012;Telecommunications;Client and Account Management;Plan-driven;JAVA;New Development;1089;24,16;1.600.000;;131;14;;;;0;0;1;0;1;0;0;1;0;0;1;0;0;0;0;0;0;1;0
419;Beltel;"New functionality and enhancements project on an existing web CRM application; fixed price based on pre-project proposal; build and test performed by Indian supplier with strategic outsourcing agreement with Beltel; projectteam with members in Belgium and India; Web 2.0 Self Care (Middleware Implementation)";2015;Telecommunications;Client and Account Management;Plan-driven;;Minor Enhancement (5-25% new);405;11,14;1.683.060;;92;15;;;;0;0;1;0;1;0;0;0;0;0;0;0;0;0;0;1;0;0;0
323;Beltel;"Maintenance and enhancements project on an existing internet application that is used in Telecom shops; fixed price based on pre-project proposal; build and test performed by Indian supplier with strategic outsourcing agreement with Beltel; projectteam with members in Belgium and India; Modify Shop Login";2012;Telecommunications;Client and Account Management;Plan-driven;JAVA;New Development;72;11,35;291.000;;0;19;;;;0;0;1;0;0;1;0;0;0;0;0;0;0;0;0;0;0;1;0
345;Bank A;"Maintenance, enhancements and new functionality release on an existing payments application; E-Custody";2012;Banking;Payments;Plan-driven;COBOL;Major Enhancement (25-75% new);780;22,94;1.029.100;;200;50;;;;0;1;0;0;0;1;0;0;0;0;0;0;0;0;0;0;0;1;0
310;Bank A;"Maintenance and new functionality project on an existing finance & risk application; Upgrade eProfit";2012;Banking;Finance & Risk;Plan-driven;JAVA;New Development;3603;20,68;4.670.000;;858;64;;;;0;1;0;0;0;1;0;0;0;0;1;0;0;0;0;0;0;1;0
406;Beltel;"Implementation of a new Billing package with customization solution; fixed price based on pre-project proposal; build and test partly performed by Indian supplier with strategic outsourcing agreement with Beltel; projectteam with members in Belgium and India; Thorgal Package Implementation";2015;Telecommunications;Billing;Plan-driven;;Major Enhancement (25-75% new);2921;17,78;5.800.720;;450;200;;;;0;0;1;0;1;0;0;0;0;1;0;0;0;0;0;0;0;1;0
480;Beltel;"Maintenance project on an existing Mobile application; fixed price based on pre-project proposal; build and test performed by Indian supplier with strategic outsourcing agreement with Beltel; projectteam with members in Belgium and India; Mobile Device Manager - Create OCC";2016;Telecommunications;Internet & Mobile;Scrum;;Minor Enhancement (5-25% new);4;7,69;5.572;;0;;;;;0;0;0;0;0;1;0;0;0;0;0;1;1;0;0;0;0;0;0
482;Beltel;"Enhancements project on an existing CRM application; rules and regulations driven; fixed price based on pre-project proposal; build and test performed by Indian supplier with strategic outsourcing agreement with Beltel; projectteam with members in Belgium and India; SEPA DD: Adapt BSCS/Epiphany to be fully SEPA compliant for the DD handling";2016;Telecommunications;Client and Account Management;Scrum;;Minor Enhancement (5-25% new);35;13,24;42.622;;0;;;;;0;0;1;0;1;0;0;0;0;0;0;1;1;0;0;0;1;0;0
474;Beltel;"Enhancements project on an existing Internet application; fixed price based on pre-project proposal; build and test performed by Indian supplier with strategic outsourcing agreement with Beltel; projectteam with members in Belgium and India; Project Alladin";2016;Telecommunications;Internet & Mobile;Scrum;;Major Enhancement (25-75% new);4;1,74;329;;0;;;;;0;1;0;0;0;1;0;0;0;0;0;0;0;0;0;0;0;1;0
361;Beltel;"Maintenance project on an existing Billing application; fixed price based on pre-project proposal; build and test performed by Indian supplier with strategic outsourcing agreement with Beltel; projectteam with members in Belgium and India; BSCS Automate OCC Assignment at Account Level";2014;Telecommunications;Billing;Plan-driven;;New Development;5;8,41;23.747;;1;;;;;0;0;1;0;1;0;0;0;0;0;0;0;0;0;0;0;0;1;0
463;Beltel;"Enhancements project on an existing data warehouse application; rules and regulations driven; fixed price based on pre-project proposal; build and test performed by Indian supplier with strategic outsourcing agreement with Beltel; projectteam with members in Belgium; DWH Reporting - SEPA Direct Debit Online";2016;Telecommunications;Data Warehouse & BI;Scrum;;Minor Enhancement (5-25% new);27;12,82;89.762;;1;;;;;0;0;1;0;0;1;0;0;0;0;0;1;1;0;0;0;1;0;0
478;Beltel;"Enhancements project on an existing CRM application; fixed price based on pre-project proposal; build and test performed by Indian supplier with strategic outsourcing agreement with Beltel; projectteam with members in Belgium and India; CACS Inbound Restructuring & Archival";2016;Telecommunications;Client and Account Management;Scrum;;Minor Enhancement (5-25% new);12;10,71;10.162;;1;;;;;0;0;0;0;0;0;0;0;0;0;0;1;1;0;0;0;0;0;0
260;Bank A;"Maintenance and enhancement project on an existing client and accountmanagement application; Payments Private Banking Migration Debit Cards";2011;Banking;Client and Account Management;Plan-driven;JAVA;Major Enhancement (25-75% new);24;8,81;132.130;;1;;;;;0;1;0;0;1;0;1;0;0;0;0;0;0;0;1;1;0;0;0
360;Beltel;"Maintenance and enhancements project on an existing CRM application; fixed price based on pre-project proposal; build and test performed by Indian supplier with strategic outsourcing agreement with Beltel; projectteam with members in Belgium and India; NAVS Accessibility";2014;Telecommunications;Client and Account Management;Plan-driven;;Major Enhancement (25-75% new);9;8,91;25.168;;1;;;;;0;0;1;0;1;0;0;0;0;0;0;0;0;0;0;0;0;1;0
363;Beltel;"Maintenance and enhancements project on an existing CRM application; fixed price based on pre-project proposal; build and test performed by Indian supplier with strategic outsourcing agreement with Beltel; projectteam with members in Belgium and India; Standard Info Fiches";2014;Telecommunications;Client and Account Management;Plan-driven;;Minor Enhancement (5-25% new);37;3,22;81.451;;2;;;;;0;0;1;0;1;0;0;0;0;0;0;0;0;0;0;0;0;1;0
243;Bank A;"Maintenance project on an existing savings application; CK Endings Procedure Savings Credits";2011;Banking;Savings & Loans;Plan-driven;JAVA;Conversion (<5% new);13;8,09;107.030;;2;;;;;0;1;0;0;0;1;0;0;0;0;0;0;0;0;0;1;0;0;0
365;Beltel;"Maintenance and enhancements project on an existing CRM application; fixed price based on pre-project proposal; build and test performed by Indian supplier with strategic outsourcing agreement with Beltel; projectteam with members in Belgium and India; Next Generation Voicemail Phase 2 - Change Request 3";2014;Telecommunications;Client and Account Management;Plan-driven;;Conversion (<5% new);10;4,01;59.681;;2;;;;;0;0;1;0;1;0;0;0;0;0;0;0;0;0;0;0;0;1;0
393;Beltel;"BSCS CDR Cycling Control. Small enhancement on a Billing application. Performed by a projectteam (globally distributed; partly offsite, Indian supplier) for Billing system enhancements. Performed as a  fixed price project. Project 3.2 in Elsevier Information and Software Technology         https://doi.org/10.1016/j.infsof.2017.04.008";2015;Telecommunications;Data Warehouse & BI;Scrum;;New Development;34;9,69;25.092;;3;;;;;0;0;1;0;1;0;0;0;0;0;0;0;0;0;0;0;0;1;0
366;Beltel;"Maintenance project on an existing Billing application; fixed price based on pre-project proposal; build and test performed by Indian supplier with strategic outsourcing agreement with Beltel; projectteam with members in Belgium and India; B2B Cloud Services";2014;Telecommunications;Billing;Plan-driven;;Minor Enhancement (5-25% new);4;2,92;8.897;;3;;;;;0;0;1;0;1;0;0;0;0;0;0;0;0;0;0;0;0;1;0
370;Beltel;"Maintenance and enhancements project on an existing Billing application; fixed price based on pre-project proposal; build and test performed by Indian supplier with strategic outsourcing agreement with Beltel; projectteam with members in Belgium and India; Unbarring Fee - Fuctionality Correction";2014;Telecommunications;Billing;Plan-driven;;Minor Enhancement (5-25% new);32;9,37;60.498;;3;;;;;0;0;1;0;1;0;0;0;0;0;0;0;0;0;0;0;0;1;0
459;Beltel;"New functionality and enhancements project on an existing CRM application; fixed price based on pre-project proposal; build and test performed by Indian supplier with strategic outsourcing agreement with Beltel; projectteam with members in Belgium and India; Use of new functionalities to divert calls: limit FCR";2016;Telecommunications;Client and Account Management;Scrum;;Minor Enhancement (5-25% new);48;10,68;317.075;;3;;;;;0;0;1;0;0;0;0;0;0;0;0;1;1;0;0;0;0;1;0
467;Beltel;"Enhancements project on an existing CRM application; fixed price based on pre-project proposal; build and test performed by Indian supplier with strategic outsourcing agreement with Beltel; projectteam with members in Belgium and India; MXPD Release 3";2016;Telecommunications;Client and Account Management;Scrum;;Minor Enhancement (5-25% new);40;12,82;38.200;;3;;;;;0;0;1;0;0;0;0;0;0;0;0;1;1;0;0;0;0;0;0
475;Beltel;"Maintenance project on an existing CRM application; fixed price based on pre-project proposal; build and test performed by Indian supplier with strategic outsourcing agreement with Beltel; projectteam with members in Belgium and India; Replace current telephony platform used at the Twin House for customer facing teams";2016;Telecommunications;Client and Account Management;Scrum;;Minor Enhancement (5-25% new);4;8,84;108.383;;3;;;;;0;1;0;0;0;0;1;0;0;0;0;1;1;0;0;0;0;0;0
368;Beltel;"Maintenance project on an existing Billing application; fixed price based on pre-project proposal; build and test performed by Indian supplier with strategic outsourcing agreement with Beltel; projectteam with members in Belgium and India; Batch Process - Payments Reversal";2014;Telecommunications;Billing;Plan-driven;;Major Enhancement (25-75% new);8;5,98;21.979;;3;;;;;0;0;1;0;1;0;0;0;0;0;0;0;0;0;0;0;0;1;0
369;Beltel;"Maintenance project on an existing Billing application; fixed price based on pre-project proposal; build and test performed by Indian supplier with strategic outsourcing agreement with Beltel; projectteam with members in Belgium and India; B2B Cloud Services Change Request 5";2014;Telecommunications;Billing;Plan-driven;;Major Enhancement (25-75% new);5;5,69;15.813;;3;;;;;0;0;1;0;1;0;0;0;0;0;0;0;0;0;0;0;0;1;0
452;Beltel;"Enhancements project on an existing CRM application; fixed price based on pre-project proposal; build and test performed by Indian supplier with strategic outsourcing agreement with Beltel; projectteam with members in Belgium and India; Execution Ortel Migration";2016;Telecommunications;Client and Account Management;Plan-driven;;Major Enhancement (25-75% new);271;5,55;527.659;;3;;;;;0;0;1;0;0;0;0;0;0;0;0;1;1;0;0;0;0;0;0
473;Beltel;"Enhancements project on an existing Mobile app; fixed price based on pre-project proposal; build and test performed by Indian supplier with strategic outsourcing agreement with Beltel; projectteam with members in Belgium and India; ALLO RTL Mobile TV";2016;Telecommunications;Internet & Mobile;Scrum;;Major Enhancement (25-75% new);25;4,01;142.526;;3;;;;;0;1;0;0;0;1;0;0;0;0;0;0;0;0;0;0;0;1;0
486;Beltel;"New functionality and enhancements project on a new Internet / Mobile application; fixed price based on pre-project proposal; build and test performed by Indian supplier with strategic outsourcing agreement with Beltel; projectteam with members in Belgium and India; MGM (Members get Members) (frontend supplier part part)";2016;Telecommunications;Internet & Mobile;Scrum;;Major Enhancement (25-75% new);214;5,65;131.340;;3;;;;;0;0;0;0;0;1;0;0;0;0;0;0;1;0;0;0;0;1;0
371;Beltel;"Enhancements project on an existing Billing application; fixed price based on pre-project proposal; build and test performed by Indian supplier with strategic outsourcing agreement with Beltel; projectteam with members in Belgium and India; Retail new requirement for postpaid invoice";2014;Telecommunications;Billing;Plan-driven;;Conversion (<5% new);9;10,52;41.541;;3;;;;;0;0;1;0;1;0;0;0;0;0;0;0;0;0;0;0;0;1;0
410;Beltel;"Enhancements project on an existing CRM application; fixed price based on pre-project proposal; build and test performed by Indian supplier with strategic outsourcing agreement with Beltel; projectteam with members in Belgium and India; CX Detailed Reporting - CRM project";2015;Telecommunications;Client and Account Management;Plan-driven;;New Development;80;6,11;78.954;;4;;;;;0;0;1;0;1;0;0;0;0;0;0;0;0;0;0;0;0;1;0
445;Beltel;"New functionality project on a new application; part of a (phased) program; fixed price based on pre-project proposal; build and test performed by Indian supplier with strategic outsourcing agreement with Beltel; projectteam with members in Belgium, India and Portugal; Order Management System - Dealer Portal";2015;Telecommunications;Billing;Plan-driven;;New Development;12;10,98;37.865;;4;;;;;0;0;1;0;0;1;0;0;0;0;0;1;1;0;0;0;0;1;0
457;Beltel;"Enhancements project on an existing Billing application; fixed price based on pre-project proposal; build and test performed by Indian supplier with strategic outsourcing agreement with Beltel; projectteam with members in Belgium and India; Removing obsolete options and removing loops and confirmations by users on the current 1999";2016;Telecommunications;Billing;Scrum;;Minor Enhancement (5-25% new);12;4,24;4.439;;4;;;;;0;0;1;0;0;0;0;0;0;0;0;1;1;0;0;0;0;0;0
326;Beltel;"Maintenance project on an existing CRM application; fixed price based on pre-project proposal; build and test performed by Indian supplier with strategic outsourcing agreement with Beltel; projectteam with members in Belgium and India; E-mail Upload";2013;Telecommunications;Client and Account Management;Plan-driven;JAVA;Major Enhancement (25-75% new);38;9,68;40.000;;4;;;;;0;0;1;0;0;1;0;0;0;0;0;0;0;0;0;0;0;1;0
372;Beltel;"Enhancements project on an existing CRM application; fixed price based on pre-project proposal; build and test performed by Indian supplier with strategic outsourcing agreement with Beltel; projectteam with members in Belgium and India; MCH Enhancement";2014;Telecommunications;Client and Account Management;Plan-driven;;Major Enhancement (25-75% new);5;9,20;40.080;;4;;;;;0;0;1;0;1;0;0;0;0;0;0;0;0;0;0;0;0;1;0
490;Beltel;"Enhancements project on an existing CRM application; fixed price based on pre-project proposal; build and test performed by Indian supplier with strategic outsourcing agreement with Beltel; projectteam with members in Belgium and India; external supplier Divine part";2016;Telecommunications;Client and Account Management;Scrum;;Major Enhancement (25-75% new);81;13,44;187.047;;4;;;;;0;0;1;0;0;1;0;0;0;0;0;1;1;0;0;0;0;1;0
464;Beltel;"Sub-project of a large implementation of a new Campaign Management system in the CX department (Customer Experience). Plan-driven development approach. Globally distributed team: Project Manager, Business Analyst, Main Developer, Testers onsite, developers offsite (India). High management attention due to regular budget and schedule overrun. Project suffered from a bad imago in Telecom organisation due to ongoing problems and many defects; Comviva Campaign Management 2016.R1 (including Change Requests)";2016;Telecommunications;Client and Account Management;Scrum;;Minor Enhancement (5-25% new);16;3,32;30.000;;5;;;;;0;0;1;0;0;1;0;0;0;0;0;0;1;0;0;0;0;1;0
359;Beltel;"Maintenance and enhancements project on an existing Billing application; fixed price based on pre-project proposal; build and test performed by Indian supplier with strategic outsourcing agreement with Beltel; projectteam with members in Belgium and India; Replacement of the Roaming Tariff Solution";2014;Telecommunications;Billing;Plan-driven;;Major Enhancement (25-75% new);48;15,28;34.621;;5;;;;;0;0;1;0;1;0;0;0;0;0;0;0;0;0;0;0;0;1;0
375;Beltel;"Maintenance and enhancements project on an existing CRM application (Divine); fixed price based on pre-project proposal; build and test performed by Indian supplier with strategic outsourcing agreement with Beltel; projectteam with members in Belgium and India; CRM Application Hardening (Security)";2014;Telecommunications;Client and Account Management;Plan-driven;;Major Enhancement (25-75% new);61;6,93;181.483;;5;;;;;0;0;1;0;1;0;0;0;1;0;0;0;0;0;0;0;0;1;0
489;Beltel;"New functionality and enhancements project on a new mobile app; fixed price based on pre-project proposal; projectteam with members in Belgium; Customer App: My Base V1.5 - frontend supplier part";2016;Telecommunications;Internet & Mobile;Scrum;;Major Enhancement (25-75% new);156;10,25;317.187;;5;;;;;0;0;0;0;0;1;0;0;0;0;0;0;1;0;0;0;0;1;0
356;Beltel;"Maintenance and enhancements project on an existing CRM application; fixed price based on pre-project proposal; build and test performed by Indian supplier with strategic outsourcing agreement with Beltel; projectteam with members in Belgium and India; Customer Experience Quick Wins";2014;Telecommunications;Client and Account Management;Plan-driven;;New Development;32;6,18;47.880;;6;;;;;0;0;1;0;0;1;0;0;0;0;0;1;1;0;0;0;0;1;0
376;Beltel;"Enhancements project on an existing CRM application; fixed price based on pre-project proposal; build and test performed by Indian supplier with strategic outsourcing agreement with Beltel; projectteam with members in Belgium and India; Remove SMS Camel Parameters";2014;Telecommunications;Client and Account Management;Plan-driven;;New Development;5;2,92;9.290;;6;;;;;0;0;1;0;1;0;0;0;0;0;0;0;0;0;0;0;0;1;0
449;Beltel;"Sub-project of a large implementation of a new Campaign Management system in the CX department (Customer Experience). Plan-driven development approach. Globally distributed team: Project Manager, Business Analyst, Main Developer, Testers onsite, developers offsite (India). High management attention due to regular budget and schedule overrun. Project suffered from a bad imago in Telecom organisation due to ongoing problems and many defects; Implement Campaign Management Tool";2016;Telecommunications;Client and Account Management;Plan-driven;;Minor Enhancement (5-25% new);25;9,14;25.000;;6;;;;;0;0;1;0;0;1;0;0;0;0;0;1;1;0;0;0;0;0;0
378;Beltel;"New functionality and enhancements project on an existing CRM application; fixed price based on pre-project proposal; build and test performed by Indian supplier with strategic outsourcing agreement with Beltel; projectteam with members in Belgium and India; MMS Viewer Octopus";2014;Telecommunications;Client and Account Management;Plan-driven;;New Development;147;9,37;158.690;;7;;;;;0;0;1;0;1;0;0;0;0;0;0;0;0;0;0;0;0;1;0
450;Beltel;"Enhancements project on an existing CRM application; fixed price based on pre-project proposal; build and test performed by Indian supplier with strategic outsourcing agreement with Beltel; projectteam with members in Belgium and India; SEPA DD - TechM development + PCR1";2016;Telecommunications;Client and Account Management;Plan-driven;;Minor Enhancement (5-25% new);69;8,64;52.650;;7;;;;;0;0;1;0;1;0;0;0;0;0;0;1;1;0;0;0;0;0;0
380;Beltel;"Maintenance and enhancements project on an existing CRM application (Divine); fixed price based on pre-project proposal; build and test performed by Indian supplier with strategic outsourcing agreement with Beltel; projectteam with members in Belgium and India; Improve CRM Application Sales Order Tracking Tool";2014;Telecommunications;Client and Account Management;Plan-driven;;Major Enhancement (25-75% new);22;9,20;69.761;;7;;;;;0;0;1;0;1;0;0;0;0;0;0;0;0;0;0;0;0;1;0
481;Beltel;"Maintenance project on an existing Billing application; fixed price based on pre-project proposal; build and test performed by Indian supplier with strategic outsourcing agreement with Beltel; projectteam with members in Belgium and India; Flexible promo catalogue";2016;Telecommunications;Billing;Scrum;;Minor Enhancement (5-25% new);8;4,96;4.041;31;8;;;;;0;0;0;0;0;0;0;0;0;0;0;1;1;0;0;0;0;0;0
92;Bank B;Integration Other Bank's customers - CRM;2010;Banking;Savings & Loans;Plan-driven;JAVA;New Development;83;11,10;257.400;;8;;;;;0;1;0;0;0;1;1;0;0;0;0;0;0;0;0;1;0;0;0
327;Beltel;"New and enhanced functionality project on an existing Billing application; fixed price based on pre-project proposal; build and test performed by Indian supplier with strategic outsourcing agreement with Beltel; projectteam with members in Belgium and India; New Prepaid Termination Process";2013;Telecommunications;Client and Account Management;Plan-driven;JAVA;New Development;31;26,84;235.000;;8;;;;;0;0;1;0;0;1;0;0;0;0;0;0;0;1;0;1;0;0;0
115;Bank B;Maintenance and new functionality release on one application RGS PLC Part 1 and 2;2011;Banking;Payments;Plan-driven;COBOL;Minor Enhancement (5-25% new);202;6,37;688.589;;9;;;;;0;0;0;1;0;1;0;0;0;0;0;0;0;0;0;0;0;0;0
458;Beltel;"New functionality and enhancements project on an existing data warehouse application; fixed price based on pre-project proposal; build and test performed by Indian supplier with strategic outsourcing agreement with Beltel; projectteam with members in Belgium; DWH 2015-R8 (Sprint 23)";2016;Telecommunications;Data Warehouse & BI;Scrum;;Minor Enhancement (5-25% new);75;8,15;30.000;;9;;;;;0;0;1;0;0;1;0;0;0;0;0;1;1;0;0;0;0;1;0
357;Beltel;"Maintenance and enhancements project on an existing Billing application; fixed price based on pre-project proposal; build and test performed by Indian supplier with strategic outsourcing agreement with Beltel; projectteam with members in Belgium and India; Changes Invoices";2013;Telecommunications;Billing;Plan-driven;JAVA;Major Enhancement (25-75% new);51;17,09;324.000;;9;;;;;0;0;1;0;1;0;0;0;0;0;0;0;0;0;0;0;0;1;0
226;Bank A;"Maintenance and new functionality project on an existing client and accountmanagement application; a.o. interface with existing mortgage application";2010;Banking;Client and Account Management;Plan-driven;JAVA;New Development;148;11,73;443.610;;10;;;;;0;1;0;0;0;1;0;0;0;0;0;0;0;0;0;0;0;0;0
332;Bank A;"Maintenance and enhancements project on an existing payments application; SAM Foreign Currency Intraday Reporting";2011;Banking;Payments;Plan-driven;COBOL;Minor Enhancement (5-25% new);112;7,83;248.700;;10;;;;;0;1;0;0;0;1;0;0;0;0;0;0;0;0;1;0;0;1;0
107;Bank B;Realization External Payments Account;2011;Banking;Payments;Plan-driven;COBOL;Major Enhancement (25-75% new);122;4,80;375.950;;10;;;;;0;1;0;0;0;1;0;0;0;0;0;0;0;0;0;0;0;1;0
124;Bank B;Maintenance and new functionality release on one application CRMi 19;2011;Banking;Organization;Plan-driven;FOCUS;Major Enhancement (25-75% new);65;3,30;259.144;;10;;;;;0;1;0;0;0;1;0;0;0;0;0;0;0;0;0;0;0;0;0
207;Bank A;"Maintenance and new functionality project on an existing client and accountmanagement application; phased project; Implementation Record Retention Phase 2";2011;Banking;Client and Account Management;Plan-driven;JAVA;Major Enhancement (25-75% new);163;25,90;783.840;;10;;;;;0;0;0;1;0;1;0;0;0;0;0;0;0;0;0;1;0;0;0
383;Beltel;"Maintenance and enhancements project on an existing CRM application; fixed price based on pre-project proposal; build and test performed by Indian supplier with strategic outsourcing agreement with Beltel; projectteam with members in Belgium and India; DIS-Replacement Change Request 7 and 8";2014;Telecommunications;Client and Account Management;Plan-driven;;New Development;12;9,60;31.595;2.350;11;;;;;0;0;1;0;1;0;0;0;0;0;0;0;0;0;0;0;0;1;0
94;Bank B;Maintenance and new functionality release on one application ProFire4;2010;Banking;Organization;Plan-driven;4th Generation;New Development;61;10,57;323.633;;11;;;;;0;1;0;0;0;1;0;0;0;0;0;0;0;0;0;0;0;0;0
125;Bank B;Renewal Search Engine Webapplication;2011;Banking;Organization;Plan-driven;.NET;Major Enhancement (25-75% new);100;8,07;290.266;;11;;;;;0;1;0;0;0;1;0;0;0;0;0;0;0;0;0;0;0;1;0
101;Bank B;Maintenance and new functionality release on one application CRM IVO 2A plus;2011;Banking;Payments;Plan-driven;COBOL;Minor Enhancement (5-25% new);48;12,61;274.500;;12;;;;;0;1;0;0;0;0;0;0;0;0;0;0;0;0;0;0;0;0;0
120;Bank B;ROH Calculation Tools 6.0;2011;Banking;Finance & Risk;Plan-driven;.NET;Minor Enhancement (5-25% new);93;6,00;265.122;;13;;;;;0;1;0;0;0;1;0;0;0;0;0;0;0;0;0;0;0;0;0
195;Bank A;"New functionality release on an existing (new) application for advisory to customers in the Bank's internet environment; New Functionalities (R4)";2011;Banking;Internet & Mobile;Plan-driven;JAVA;Minor Enhancement (5-25% new);228;7,72;219.820;;13;;;;;0;0;0;1;0;1;0;0;0;0;1;0;1;0;0;0;0;1;0
228;Bank A;"Maintenance and new functionality project on an existing internet application; part of a large customer migration program; Savings Private Banking Internet Workpackage";2011;Banking;Internet & Mobile;Plan-driven;JAVA;Minor Enhancement (5-25% new);58;6,00;146.160;;13;;;;;0;0;0;1;1;0;1;0;0;0;0;0;0;0;0;1;0;0;0
232;Bank A;"Maintenance and new functionality project on an existing savings and loans application; Savings Migration Functionality";2011;Banking;Savings & Loans;Plan-driven;JAVA;Minor Enhancement (5-25% new);101;18,84;1.712.510;;13;;;;;0;0;0;1;0;1;1;0;0;0;0;0;0;0;0;1;0;0;0
442;Beltel;"New functionality and enhancements project on a new web application; fixed price based on pre-project proposal; build and test performed by Indian supplier with strategic outsourcing agreement with Beltel; projectteam with members in Belgium and India; Mobile website on AEM";2015;Telecommunications;Internet & Mobile;Scrum;;Minor Enhancement (5-25% new);190;3,38;59.988;;13;;;;;0;1;0;0;0;1;0;0;0;0;0;0;1;0;0;0;0;1;0
461;Beltel;"Enhancements project on an existing CRM application; rules and regulations driven; fixed price based on pre-project proposal; build and test performed by Indian supplier with strategic outsourcing agreement with Beltel; projectteam with members in Belgium and India; SEPA DD - frontend supplier Development";2016;Telecommunications;Client and Account Management;Scrum;;Minor Enhancement (5-25% new);35;10,06;44.866;;13;;;;;0;0;1;0;0;1;0;0;0;0;0;1;1;0;0;0;1;0;0
470;Beltel;"Migration project on an existing CRM application; fixed price based on pre-project proposal; build and test performed by Indian supplier with strategic outsourcing agreement with Beltel; projectteam with members in Belgium and India; B2B Cloud migration to Synchronoss";2016;Telecommunications;Client and Account Management;Scrum;;Minor Enhancement (5-25% new);16;4,99;99.372;;14;;;;;0;0;1;0;0;0;1;0;0;0;0;1;1;0;0;0;0;1;0
471;Beltel;"Migration project on an existing CRM application; fixed price based on pre-project proposal; build and test performed by Indian supplier with strategic outsourcing agreement with Beltel; projectteam with members in Belgium and India; B2C Cloud migration - SSO (Funambol)";2016;Telecommunications;Client and Account Management;Scrum;;Major Enhancement (25-75% new);117;4,99;118.050;;14;;;;;0;1;0;0;0;1;1;0;0;0;0;0;0;0;0;0;0;1;0
141;Bank A;"Maintenance on existing application; CSRF (Counter Measures)";2010;Banking;Internet & Mobile;Plan-driven;.NET;New Development;20;12,69;261.900;;16;;;;;0;1;0;0;0;1;0;0;1;0;0;0;0;0;0;1;0;0;0
188;Bank A;New functionality on Help with Filling Out Taks Form in the Bank's internet environment;2011;Banking;Internet & Mobile;Scrum;JAVA;New Development;25;4,27;134.316;;16;;;;;0;1;0;0;0;1;0;0;0;0;0;0;0;0;0;0;1;0;0
52;Bank B;Replavement PEGA SEPA DD;2011;Banking;Payments;Plan-driven;.NET;New Development;65;4,19;556.733;;17;;;;;0;1;0;0;0;0;0;0;0;0;0;0;0;0;0;1;0;0;0
479;Beltel;"Enhancements project on an existing Billing application; fixed price based on pre-project proposal; build and test performed by Indian supplier with strategic outsourcing agreement with Beltel; projectteam with members in Belgium and India; FMS Rateplans";2016;Telecommunications;Billing;Scrum;;Minor Enhancement (5-25% new);42;8,15;20.584;;17;;;;;0;0;1;0;0;0;0;0;0;0;0;1;1;0;0;0;0;0;0
353;Beltel;"Maintenance and enhancements project on an existing CRM application; the CRM application (Divine) showed many defects, due to frequent and long-lasting non-availability and bad reliability;  fixed price based on pre-project proposal; build and test performed by Indian supplier with strategic outsourcing agreement with Beltel; projectteam with members in Belgium and India; Divine Archival Solution - CRM Part";2014;Telecommunications;Client and Account Management;Plan-driven;;Minor Enhancement (5-25% new);100;6,97;364.549;;18;;;;;0;0;1;0;1;0;0;0;0;0;0;0;0;0;0;0;0;1;0
148;Bank A;"Enhancements and new functionality release on an existing callcenter application; sub-project of a large customer migration program; part OV";2010;Banking;Call Center Solutions;Plan-driven;COBOL;Minor Enhancement (5-25% new);59;5,39;170.800;;19;;;;;0;0;0;1;1;0;1;0;0;0;0;0;0;0;0;0;0;0;0
385;Beltel;"Maintenance and enhancements project on an existing Billing application; fixed price based on pre-project proposal; build and test performed by Indian supplier with strategic outsourcing agreement with Beltel; projectteam with members in Belgium and India; Bill Shock Notifications";2014;Telecommunications;Billing;Plan-driven;;Major Enhancement (25-75% new);201;5,55;321.470;;19;;;;;0;0;1;0;1;0;0;0;0;0;0;0;0;0;0;0;0;1;0
451;Beltel;"Enhancements project on an existing mobile app; part of a (phased) program; fixed price based on pre-project proposal; build and test performed by Indian supplier with strategic outsourcing agreement with Beltel; projectteam with members in Belgium and India; My BASE app v1.5 phase 1";2016;Telecommunications;Internet & Mobile;Scrum;;Major Enhancement (25-75% new);147;5,65;113.095;;19;;;;;0;0;1;0;0;1;0;0;0;0;0;1;1;0;0;0;0;0;0
455;Beltel;"New functionality project on a new application; part of a (phased) program; fixed price based on pre-project proposal; build and test performed by Indian supplier with strategic outsourcing agreement with Beltel; projectteam with members in Belgium, India and Portugal; OMS - Sales portal phase 2 for Dealers (Sales overview, login, add/remove services) - Backend";2016;Telecommunications;Billing;Scrum;;Major Enhancement (25-75% new);151;10,06;109.000;;19;;;;;0;0;1;0;1;0;0;0;0;0;0;0;1;0;0;0;0;0;0
109;Bank B;Cockpits Business Objects;2011;Banking;Organization;Scrum;CLIPPER;New Development;394;6,53;442.044;;20;;;;;0;1;0;0;0;0;0;0;0;0;0;0;0;0;0;0;0;1;0
135;Bank A;"Maintenance and new functionality related to security in internet environment; PSD Internet Security";2009;Banking;Internet & Mobile;Plan-driven;.NET;Minor Enhancement (5-25% new);130;8,70;542.100;;20;;;;;0;1;0;0;0;1;0;0;1;0;0;0;0;0;0;1;0;0;0
264;Bank A;"Maintenance and new functionality project on an existing client and accountmanagement application; part of a large customer migration program; rules and regulations driven project; Private Banking Basel II";2011;Banking;Client and Account Management;Plan-driven;JAVA;Minor Enhancement (5-25% new);106;7,14;265.650;;20;;;;;0;0;0;1;1;0;1;0;0;0;0;0;0;0;1;0;1;0;0
453;Beltel;"New functionality project on a new application; part of a (phased) program; fixed price based on pre-project proposal; build and test performed by Indian supplier with strategic outsourcing agreement with Beltel; projectteam with members in Belgium, India and Portugal; OMS - Add/Remove Services - Backend";2016;Telecommunications;Billing;Scrum;;Major Enhancement (25-75% new);126;10,06;142.000;;20;;;;;0;0;1;0;1;0;0;0;0;0;0;0;1;0;0;0;0;0;0
227;Bank A;"New functionality project on an existing internet application; Name-Number Check in Internet Banking";2011;Banking;Internet & Mobile;Plan-driven;.NET;New Development;150;10,59;249.060;;21;;;;;0;1;0;0;0;1;0;0;1;0;0;0;0;0;0;1;0;0;0
102;Bank B;Maintenance and new functionality release on one application Realisation eZeZa;2010;Banking;Client and Account Management;Scrum;JAVA;New Development;54;4,61;932.144;;21;;;;;0;1;0;0;0;1;0;0;0;0;0;0;0;0;0;0;0;0;0
487;Beltel;"New functionality project on a new mobile app; fixed price based on pre-project proposal; projectteam with members in Belgium; Payer App - frontend supplier part part";2016;Telecommunications;Internet & Mobile;Scrum;;New Development;335;10,25;71.393;;21;;;;;0;0;0;0;0;1;0;0;0;0;0;0;1;0;0;0;0;1;0
472;Beltel;"New functionality project on a new mobile app; fixed price based on pre-project proposal; build and test performed by Indian supplier with strategic outsourcing agreement with Beltel; projectteam with members in Belgium and India; Payer App - Appstrakt part";2016;Telecommunications;Internet & Mobile;Scrum;;Major Enhancement (25-75% new);55;10,25;70.931;;21;;;;;0;0;0;0;0;1;0;0;0;0;0;1;1;0;0;0;0;1;0
386;Beltel;"New functionality project on an new campaign management application; part of a (phased) program;  fixed price based on pre-project proposal; build and test performed by Indian supplier with strategic outsourcing agreement with Beltel; projectteam with members in Belgium and India; Campaign Management";2014;Telecommunications;Data Warehouse & BI;Plan-driven;;Conversion (<5% new);20;5,23;16.517;;21;;;;;0;0;1;0;1;0;0;0;0;0;0;0;0;0;0;0;0;1;0
275;Bank A;"Maintenance and new functionality project on an existing internet application; part of a phased program; Procuration 2 Phase 3";2011;Banking;Internet & Mobile;Plan-driven;JAVA;New Development;62;3,80;181.610;;23;;;;;0;0;0;1;0;1;0;0;0;0;0;0;0;0;0;0;0;0;0
210;Bank A;"Maintenance and new functionality project on an existing callcenter application; Multi-Channel Forms R0";2011;Banking;Call Center Solutions;RUP;JAVA;Minor Enhancement (5-25% new);167;15,11;2.011.090;;23;;;;;0;0;0;1;0;1;0;0;0;0;0;0;0;0;0;1;0;0;1
67;Bank B;BML Risk Management RMT;2010;Banking;Organization;Plan-driven;SQL;Major Enhancement (25-75% new);531;4,00;381.956;;23;;;;;0;1;0;0;0;0;0;0;0;0;0;0;0;0;0;0;0;0;0
387;Beltel;"New functionality project on a new CRM application; part of a (phased) program; fixed price based on pre-project proposal; build and test performed by Indian supplier with strategic outsourcing agreement with Beltel; projectteam with members in Belgium and India; One Screen Phase 1 (Release 1)";2014;Telecommunications;Client and Account Management;Plan-driven;;Major Enhancement (25-75% new);124;10,81;248.023;;24;;;;;0;0;1;0;1;0;0;0;0;0;0;0;0;0;0;0;0;1;0
54;Bank B;Extended Duration Treasury Vanguard - EDV Renewal Investment Research;2009;Banking;Savings & Loans;Plan-driven;.NET;Minor Enhancement (5-25% new);497;4,00;312.789;;25;;;;;0;0;0;1;0;0;0;0;0;0;0;0;0;0;0;1;0;0;0
262;Bank A;"Maintenance and new functionality project on an existing savings application; VIA Savings";2011;Banking;Savings & Loans;Plan-driven;JAVA;Minor Enhancement (5-25% new);258;14,04;647.150;;25;;;;;0;1;0;0;0;1;0;0;0;0;0;0;0;0;0;0;0;1;0
265;Bank A;"Maintenance and new functionality project on an existing internet application; IFM Internet Banking Functionality";2011;Banking;Internet & Mobile;Plan-driven;JAVA;Conversion (<5% new);83;6,43;227.380;;25;;;;;0;1;0;0;1;0;0;0;0;0;0;0;0;0;0;0;0;0;0
73;Bank B;Yearly Work 2010 on one application;2011;Banking;Payments;Plan-driven;COBOL;New Development;126;7,52;663.678;;26;;;;;0;1;0;0;0;0;0;0;0;0;0;0;0;0;0;1;0;0;0
126;Bank A;"Migration project including payments functionality (iDeal); part of a large migration program";2008;Banking;Internet & Mobile;Plan-driven;.NET;Minor Enhancement (5-25% new);36;13,61;160.000;;26;;;;;0;0;0;1;1;0;1;0;0;0;0;0;0;0;0;0;0;1;0
271;Bank A;"New functionality project on an existing mortgage application; part of a large morgage renewal program; Mortgage Management Information";2011;Banking;Data Warehouse & BI;Plan-driven;JAVA;Conversion (<5% new);165;3,97;149.000;;26;;;;;0;1;0;0;0;1;0;0;0;0;0;0;1;0;0;0;0;1;0
129;Bank A;"Enhancements and new functionality in internet environment; Euronext - Multi Decimal Pricing";2008;Banking;Internet & Mobile;Plan-driven;.NET;Minor Enhancement (5-25% new);122;5,17;250.700;33;27;;;;;0;1;0;0;0;1;0;0;0;0;0;0;0;0;0;1;0;0;0
127;Bank A;Enhancements and new functionality related to security issues in the Bank's internet environment, prevention of security issues;2008;Banking;Internet & Mobile;Plan-driven;.NET;Major Enhancement (25-75% new);249;11,15;940.000;;27;;;;;0;1;0;0;0;1;0;0;1;0;0;0;0;0;0;1;0;0;0
11;Bank B;Return 9-digit Accountnumber;2009;Banking;Payments;Plan-driven;COBOL;Major Enhancement (25-75% new);183;11,06;387.550;;27;;;;;0;1;0;0;0;0;0;0;0;0;0;0;0;0;0;1;0;0;0
237;Bank A;"Maintenance project on an existing internet application; Solve Critical Batch Problems";2011;Banking;Internet & Mobile;Plan-driven;JAVA;Major Enhancement (25-75% new);91;18,76;285.090;;27;;;;;0;1;0;0;1;0;0;0;0;0;0;0;0;0;1;1;0;0;0
417;Beltel;"New functionality and enhancements project on an existing data warehouse application; fixed price based on pre-project proposal; build and test performed by Indian supplier with strategic outsourcing agreement with Beltel; projectteam with members in Belgium; Commercial Performance Management";2015;Telecommunications;Data Warehouse & BI;Plan-driven;;Major Enhancement (25-75% new);773;19,45;179.815;;27;;;;;0;0;1;0;1;0;0;0;0;0;0;0;0;0;0;0;0;1;0
98;Bank B;Maintenance and new functionality release on one application ORV Phase 3;2011;Banking;Client and Account Management;Scrum;JAVA;New Development;306;6,47;776.278;106;30;;;;;0;0;0;1;0;1;0;0;0;0;0;0;0;0;0;0;0;0;0
251;Bank A;"Maintenance and new functionality project on an existing savings application; BSH Long Term R2B Savings & Loans";2011;Banking;Savings & Loans;Plan-driven;JAVA;Major Enhancement (25-75% new);298;14,06;719.020;;30;;;;;0;0;0;1;0;1;0;0;0;0;0;0;0;0;0;0;0;1;0
100;Bank B;Build new functionality for Self Service;2011;Banking;Client and Account Management;Scrum;JAVA;Major Enhancement (25-75% new);396;12,22;895.089;827;32;;;;;0;1;0;0;0;0;0;0;0;0;0;0;0;0;0;0;0;0;0
139;Bank A;New functionality on electronic application of login-codes in internet environment;2010;Banking;Internet & Mobile;Plan-driven;.NET;Minor Enhancement (5-25% new);173;10,95;523.420;;32;;;;;0;1;0;0;0;1;0;0;1;0;0;0;0;0;0;1;0;0;0
336;Bank A;"Maintenance and enhancements project on an existing payments application; Agent Racing Chartal Functionality";2011;Banking;Payments;Plan-driven;COBOL;Major Enhancement (25-75% new);174;5,25;323.020;;32;;;;;0;1;0;0;1;0;0;0;0;0;0;0;0;0;1;0;0;1;0
222;Bank A;"Maintenance and new functionality project on an client and accountmanagement  application; Rules and regulations driven project; Basel ll Rules & Regulations";2011;Banking;Client and Account Management;Plan-driven;JAVA;New Development;33;8,68;486.000;;34;;;;;0;1;0;0;1;0;0;0;0;0;0;0;0;0;0;0;1;0;0
408;Beltel;"New functionality and enhancements project on an existing data warehouse application; fixed price based on pre-project proposal; build and test performed by Indian supplier )onsite in Belgium) with strategic outsourcing agreement with Beltel; Customer Lifetime Value";2015;Telecommunications;Data Warehouse & BI;Plan-driven;;New Development;528;19,78;293.441;;35;;;;;0;0;1;0;1;0;0;0;0;0;0;0;0;0;0;0;0;1;0
317;Beltel;"New functionality project on a new data warehouse application in a CRM domain; fixed price based on pre-project proposal; build and test performed by Indian supplier with strategic outsourcing agreement with Beltel; projectteam with members in Belgium and India; part of a large (phased) program; Customer Lifetime Value";2012;Telecommunications;Data Warehouse & BI;Plan-driven;JAVA;Major Enhancement (25-75% new);528;19,85;297.000;;35;;;;;0;0;1;0;0;1;0;0;0;0;0;0;0;0;0;0;0;1;1
140;Bank A;"Security driven enhancements in internet environment related to emergency measures as a follow-up of security treaths (man in the browser); part 1 of a larger project";2010;Banking;Internet & Mobile;Plan-driven;.NET;Major Enhancement (25-75% new);118;18,26;657.000;;36;;;;;0;1;0;0;1;0;0;0;1;0;0;0;0;0;0;1;0;0;0
147;Bank A;"Enhancements and new functionality release on an existing callcenter application; sub-project of a large customer migration program; part IC";2010;Banking;Call Center Solutions;Plan-driven;COBOL;Minor Enhancement (5-25% new);25;9,36;246.300;;37;;;;;0;0;0;1;1;0;1;0;0;0;0;0;0;0;0;0;1;0;0
244;Bank A;"Maintenance and new functionality project on an existing savings application; part of a phased program; Action Interest Phase 2";2011;Banking;Savings & Loans;Plan-driven;JAVA;Major Enhancement (25-75% new);214;9,35;857.430;;38;;;;;0;0;0;1;0;1;0;0;0;0;0;0;0;0;0;0;0;1;0
97;Bank B;Maintenance and new functionality release on one application HTC Project 9.1;2010;Banking;Finance & Risk;Plan-driven;Visual Basic;Major Enhancement (25-75% new);400;7,00;907.233;;39;;;;;0;1;0;0;0;1;0;0;0;0;0;0;0;0;0;0;0;0;0
77;Bank B;Realisation IVO 3;2010;Banking;Client and Account Management;Plan-driven;JAVA;Major Enhancement (25-75% new);126;6,50;1.937.967;;41;;;;;0;1;0;0;0;0;0;0;0;0;0;0;0;0;0;0;0;0;0
181;Bank A;"Building a new framework for teams to build their new internet applications on in future projects. Contains functionality for Single Sign On in the new to build Internet Banking application; Framework Solution; new technology (a.o. Tibco); limited knowledge of new technology within the organisation. Strategic highly important project because it sets the standard for future enhancements on the internet application.";2011;Banking;Internet & Mobile;Plan-driven;JAVA;New Development;70;17,68;1.863.790;;44;;;;;0;0;0;1;1;0;0;0;1;0;0;0;0;1;0;1;0;0;1
266;Bank A;"Maintenance and new functionality project on an existing customer information management application; part of a large customer migration program; Private Banking Client Administration";2011;Banking;Client and Account Management;Plan-driven;JAVA;Minor Enhancement (5-25% new);81;10,37;1.270.760;;45;;;;;0;0;0;1;1;0;1;0;0;0;0;0;0;0;0;0;1;0;0
230;Bank A;"Maintenance and new functionality release on an existing internet application; part of a large program; Reduce Internet Applications Plateau 5";2011;Banking;Internet & Mobile;Plan-driven;.NET;Major Enhancement (25-75% new);245;9,20;399.000;;45;;;;;0;0;0;1;0;1;0;0;0;0;0;0;0;0;0;1;0;0;0
462;Beltel;"New functionality and enhancements project on an existing Billing application; fixed price based on pre-project proposal; build and test performed by Indian supplier with strategic outsourcing agreement with Beltel; projectteam with members in Belgium and India; Sales Portal phase 2 for Shops and Call center (SIM Swap, e-contract,…) - Backend";2016;Telecommunications;Billing;Scrum;;Major Enhancement (25-75% new);169;13,01;26.391;;47;;;;;0;0;1;0;0;0;0;0;0;0;0;1;1;0;0;0;0;1;0
234;Bank A;"Maintenance and new functionality release on an existing internet application; Deviated Channel Limits Private Banking";2011;Banking;Internet & Mobile;Scrum;JAVA;Conversion (<5% new);117;7,74;495.510;;47;;;;;0;1;0;0;1;0;0;0;0;0;0;0;0;0;0;1;0;0;0
258;Bank A;"Maintenance and new functionality project on an existing internet application; Savings Deposits on Internet Banking";2011;Banking;Internet & Mobile;Plan-driven;JAVA;Minor Enhancement (5-25% new);83;7,68;348.710;;48;;;;;0;1;0;0;1;0;0;0;0;0;0;0;0;0;0;0;0;1;0
132;Bank A;"Maintenance release on existing legacy payments application; iteration 4 and 5";2008;Banking;Internet & Mobile;Plan-driven;.NET;New Development;450;25,44;825.280;;50;;;;;0;0;0;1;0;1;0;1;0;0;0;0;0;1;0;0;0;1;0
229;Bank A;"Maintenance and new functionality release on an existing internet application; part of a large program; Reduce Internet application Plateau 3";2010;Banking;Internet & Mobile;Plan-driven;.NET;New Development;147;11,63;359.520;;50;;;;;0;0;0;1;0;1;0;0;0;0;0;0;0;0;0;1;0;0;0
329;Bank A;"Maintenance and enhancements project on an existing payments application; part of a large customer migration program; Payments Execution Payments Data Migration Wave 2 Cash & ATM";2010;Banking;Payments;Plan-driven;COBOL;Minor Enhancement (5-25% new);60;11,03;589.230;;50;;;;;0;0;0;1;1;0;1;0;0;0;0;0;0;0;1;1;0;0;0
128;Bank A;"Enhancements and new functionality on website; open Internet environment; part of a large migration program";2008;Banking;Internet & Mobile;Plan-driven;.NET;Minor Enhancement (5-25% new);804;19,13;3.800.000;;54;;;;;0;0;0;1;0;1;1;0;0;0;0;0;0;0;0;0;0;1;0
51;Bank B;Replacement PEGA - MoNr1147b;2011;Banking;Payments;Plan-driven;.NET;Major Enhancement (25-75% new);546;22,06;1.824.211;;56;;;;;0;1;0;0;0;0;0;0;0;0;0;0;0;0;0;1;0;0;0
110;Bank B;Maintenance and new functionality release on one application Mambo Plan 2012;2011;Banking;Organization;Plan-driven;.NET;Major Enhancement (25-75% new);738;11,43;1.241.356;;59;;;;;0;1;0;0;0;0;0;0;0;0;0;0;0;0;0;0;0;0;0
236;Bank A;"Maintenance and new functionality project on an existing data warehouse application; part of a large customer migration program; CI Private Banking";2011;Banking;Data Warehouse & BI;Plan-driven;JAVA;Major Enhancement (25-75% new);297;10,03;418.150;;65;;;;;0;0;0;1;0;1;1;0;0;0;0;0;0;0;0;0;1;0;0
199;Bank A;"Maintenance and new functionality release on an existing internet environment; GGR/PS in Internet Banking";2011;Banking;Internet & Mobile;Plan-driven;JAVA;New Development;130;8,20;417.990;;66;;;;;0;1;0;0;0;1;0;0;0;0;0;0;0;0;0;0;0;1;0
409;Beltel;"New functionality and enhancements project on an existing CRM application; fixed price based on pre-project proposal; build and test performed by Indian supplier with strategic outsourcing agreement with Beltel; projectteam with members in Belgium and India; part of a (phased) program; Web 2.0 (Middleware Implementation) Phase 1";2015;Telecommunications;Client and Account Management;Plan-driven;;Minor Enhancement (5-25% new);337;7,72;699.124;;66;;;;;0;0;1;0;1;0;0;0;0;0;0;0;0;0;0;1;0;0;0
308;Bank A;"Maintenance and new functionality project on an existing finance & risk application; AMBER Upgrade";2012;Banking;Finance & Risk;Plan-driven;JAVA;Major Enhancement (25-75% new);123;12,52;665.420;;70;;;;;0;1;0;0;0;1;0;0;0;0;1;0;0;0;0;0;0;1;0
219;Bank A;"Maintenance and new functionality project on an existing client and accountmanagement application; Into the Red Client Accounts Management";2011;Banking;Client and Account Management;Plan-driven;JAVA;New Development;174;15,60;1.096.330;;72;;;;;0;0;0;1;1;0;0;1;0;0;0;0;0;1;0;0;0;1;0
144;Bank A;Enhancements on functionality to change customer addresses in internet environment;2010;Banking;Internet & Mobile;Plan-driven;JAVA;New Development;63;18,10;528.440;;73;;;;;0;1;0;0;1;0;0;0;1;0;0;0;0;0;0;1;0;0;0
388;Beltel;"New functionality project on a new application; first part of a (phased) program; fixed price based on pre-project proposal; build and test performed by Indian supplier with strategic outsourcing agreement with Beltel; projectteam with members in Belgium, India and Portugal; Order Management System - New Framework Solution";2014;Telecommunications;Client and Account Management;Scrum;;New Development;1365;9,60;1.847.474;;78;;;;;0;0;1;0;1;0;0;0;0;0;0;0;0;1;0;1;0;0;0
200;Bank A;"New functionality project on an existing internet application; L2/L3 P";2011;Banking;Internet & Mobile;Scrum;JAVA;Minor Enhancement (5-25% new);88;8,71;653.760;;79;;;;;0;1;0;0;0;1;0;0;1;0;0;0;0;0;0;1;0;0;0
484;Beltel;"New functionality project on a new application; part of a (phased) program; fixed price based on pre-project proposal; build and test performed by Indian supplier with strategic outsourcing agreement with Beltel; projectteam with members in Belgium, India and Portugal; OMS - Handset Simple : Combined Sales";2016;Telecommunications;Client and Account Management;Scrum;;Minor Enhancement (5-25% new);27;13,44;20.947;;80;;;;;0;0;1;0;1;0;0;0;0;0;0;0;1;0;0;0;0;1;0
130;Bank A;Phase Out Secure Payments Solutions;2008;Banking;Internet & Mobile;Plan-driven;.NET;Major Enhancement (25-75% new);229;10,07;781.000;;83;;;;;0;1;0;0;0;1;0;0;0;0;0;0;0;0;0;1;0;0;0
246;Bank A;"Maintenance and new functionality project on an existing mortgages application; Synchronise Savings Administrations";2011;Banking;Mortgages;Plan-driven;JAVA;Minor Enhancement (5-25% new);132;19,63;640.230;;86;;;;;0;1;0;0;0;1;0;0;0;0;0;0;0;0;0;1;0;0;0
182;Bank A;"Maintenance and new functionality release on an existing mortgages application; Back Pointing";2011;Banking;Mortgages;Plan-driven;JAVA;New Development;68;9,90;410.300;;98;;;;;0;1;0;0;0;1;0;0;0;0;0;0;0;0;0;0;0;1;0
152;Bank A;Integration of a new customer advisory application into the existing MyBank website;2010;Banking;Internet & Mobile;Plan-driven;JAVA;Minor Enhancement (5-25% new);238;10,97;1.290.240;;104;;;;;0;0;0;1;1;0;1;0;0;0;1;0;1;0;0;0;0;1;1
318;Beltel;"Maintenance and new functionality project on an existing CRM application; fixed price based on pre-project proposal; build and test performed by Indian supplier with strategic outsourcing agreement with Beltel; projectteam with members in Belgium and India; part of a large (phased) program; Carpe BASE Phase 1";2012;Telecommunications;Client and Account Management;Plan-driven;JAVA;New Development;440;9,22;1.375.850;;107;;;;;0;0;1;0;1;0;0;1;0;0;0;0;0;1;0;0;0;1;0
454;Beltel;"New functionality project on a new application; part of a (phased) program; fixed price based on pre-project proposal; build and test performed by Indian supplier with strategic outsourcing agreement with Beltel; projectteam with members in Belgium, India and Portugal; OMS - Handset Simple: Combined Sales - Frontend";2016;Telecommunications;Billing;Scrum;;Major Enhancement (25-75% new);188;10,98;155.000;;112;;;;;0;0;1;0;1;0;0;0;0;0;0;0;1;0;0;0;0;0;0
187;Bank A;"Maintenance and new functionality project on an existing internet application; part of a large customer migration program; Private Banking - Data Migration";2011;Banking;Internet & Mobile;Plan-driven;JAVA;Major Enhancement (25-75% new);326;9,46;1.513.000;;113;;;;;0;0;0;1;1;0;1;0;0;0;0;0;0;0;0;0;1;0;0
184;Bank A;"Maintenance and new functionality project on an existing savings  application; focus at private banking customers; part of a large program related to customer migration; Savings Private Banking";2011;Banking;Savings & Loans;Plan-driven;JAVA;Minor Enhancement (5-25% new);417;12,00;1.501.790;;117;;;;;0;0;0;1;1;0;1;0;0;0;0;0;0;0;0;0;1;0;0
443;Beltel;"New functionality project on a new application; part of a (phased) program; fixed price based on pre-project proposal; build and test performed by Indian supplier with strategic outsourcing agreement with Beltel; projectteam with members in Belgium, India and Portugal; Order Management System - Handset Simple";2015;Telecommunications;Billing;Plan-driven;;Major Enhancement (25-75% new);259;10,29;138.000;;122;;;;;0;0;1;0;0;1;0;0;0;0;0;1;1;0;0;0;0;1;0
183;Bank A;"Maintenance and new functionality release on an existing mortgages application; Intermediary Portfolio Transfer";2010;Banking;Mortgages;Plan-driven;JAVA;Major Enhancement (25-75% new);188;16,53;527.000;;144;;;;;0;1;0;0;0;1;0;0;0;0;0;0;0;0;0;0;0;1;0
257;Bank A;"Implementation of a package with customization mortgage application; part of alarge new mortgage application; Package Implementation Mortgages";2011;Banking;Mortgages;Plan-driven;JAVA;New Development;245;17,22;719.000;22.096;152;;;;;0;1;0;0;1;0;1;0;0;0;1;0;0;0;0;0;0;1;1
311;Bank A;"Maintenance and new functionality project on an existing facilitiy management internet application; Drawing Management in Planon Facilty Management ";2012;Banking;Organization;Plan-driven;JAVA;New Development;544;13,21;615.000;;201;;;;;0;1;0;0;0;1;0;0;0;0;1;0;0;0;0;0;0;1;0
214;Bank A;"Maintenance and new functionality project on an existing savings and loans application; Product Into the Red";2011;Banking;Savings & Loans;Plan-driven;JAVA;Major Enhancement (25-75% new);113;11,77;793.900;;274;;;;;0;0;0;1;0;1;0;1;0;0;0;0;0;1;0;0;0;1;0
205;Bank A;"Maintenance and new functionality project on an existing internet application; part of a large customer migration program; Wave 2 Internet - Customer Migration to Internet Banking Business";2010;Banking;Internet & Mobile;Plan-driven;JAVA;New Development;180;14,96;1.627.950;;307;;;;;0;0;0;1;1;0;1;0;0;0;0;0;0;0;0;0;1;0;0
134;Bank A;Housing Wizard in Internet Environment;2010;Banking;Internet & Mobile;Plan-driven;.NET;New Development;950;21,60;2.704.000;;350;;;;;0;1;0;0;0;1;0;0;0;0;0;0;0;0;0;0;0;1;1
194;Bank A;"Maintenance and new functionality project on an existing front office application; W2 Customer Information Management;  Procuration Internet";2010;Banking;Internet & Mobile;Plan-driven;JAVA;Minor Enhancement (5-25% new);532;11,53;1.512.090;;373;;;;;0;0;0;1;1;0;1;0;0;0;0;0;0;0;0;0;1;0;0
142;Bank A;New functionality in inetrnet environment related to new customer advisory application;2010;Banking;Internet & Mobile;Plan-driven;.NET;Minor Enhancement (5-25% new);554;11,53;830.680;;413;;;;;0;0;0;1;1;0;1;0;0;0;1;0;1;0;0;0;0;1;1
191;Bank A;"Maintenance and new functionality project on an existing front office application; part of large customer migration program; Branches Wave 2 IT";2010;Banking;Front Office Solutions;Plan-driven;JAVA;Minor Enhancement (5-25% new);704;15,06;1.627.280;;480;;;;;0;0;0;1;1;0;1;0;0;0;0;0;0;0;0;0;1;0;0
133;Bank A;"Structural Solution Savings Plan in internet environment; customer loyalty application";2008;Banking;Internet & Mobile;Plan-driven;.NET;Minor Enhancement (5-25% new);250;13,52;1.181.000;;888;;;;;0;1;0;0;0;1;0;0;0;0;0;0;0;0;0;1;0;0;0
215;Bank A;"Implementation of a large new mortgage system; package solution with APL-Bive customization; phased project; part of a large program; Mortgage System xxx Mid-Office / XMO - Plateau 1";2011;Banking;Mortgages;Scrum;JAVA;New Development;4600;22,50;5.637.000;2.404;1.586;;;;;0;0;0;1;0;1;1;0;0;0;0;0;1;0;0;0;0;1;1
465;Beltel;"Maintenance project on an existing CRM application; fixed price based on pre-project proposal; build and test performed by Indian supplier with strategic outsourcing agreement with Beltel; projectteam with members in Belgium and India; Clean-up BASE range 483-9 (TechM)";2016;Telecommunications;Client and Account Management;Scrum;;Minor Enhancement (5-25% new);4;7,53;12.479;132;;;;;;0;0;1;0;0;0;0;0;0;0;0;1;1;0;0;0;0;0;0
350;Beltel;"Maintenance and enhancements project on an existing Billing application; fixed price based on pre-project proposal; build and test performed by Indian supplier with strategic outsourcing agreement with Beltel; projectteam with members in Belgium and India; Commissioning 2.0";2014;Telecommunications;Billing;Plan-driven;;New Development;71;7,43;74.199;1.053;;;;;;0;0;1;0;1;0;0;0;0;0;0;0;0;0;0;0;0;1;0
466;Beltel;"Deployment project on an existing CRM application (removal); fixed price based on pre-project proposal; build and test performed by Indian supplier with strategic outsourcing agreement with Beltel; projectteam with members in Belgium and India; Deploy HAWK monitoring";2016;Telecommunications;Client and Account Management;Scrum;;Minor Enhancement (5-25% new);16;4,73;10.290;2.910;;;;;;0;1;0;0;0;1;0;0;0;0;0;0;0;0;0;0;1;0;0
407;Beltel;"Maintenance and enhancements project on an existing CRM/data warehouse application (Divine); fixed price based on pre-project proposal; build and test performed by Indian supplier with strategic outsourcing agreement with Beltel; projectteam with members in Belgium and India; Divine Archival Solution - Data Warehouse Part";2015;Telecommunications;Data Warehouse & BI;Plan-driven;;Minor Enhancement (5-25% new);22;7,46;20.391;13.758;;;;;;0;0;1;0;1;0;0;0;0;0;0;0;0;0;0;0;0;1;0
328;Beltel;"Maintenance and enhancements project on an existing CRM application; fixed price based on pre-project proposal; build and test performed by Indian supplier with strategic outsourcing agreement with Beltel; projectteam with members in Belgium and India; Business Friends & Family";2011;Telecommunications;Client and Account Management;Plan-driven;JAVA;Major Enhancement (25-75% new);26;14,69;59.990;16.000;;;;;;0;0;1;0;0;1;0;0;0;0;0;0;0;0;0;0;0;1;0
61;Bank B;Realisation EDV enhancements;2009;Banking;Savings & Loans;Plan-driven;.NET;New Development;54;2,84;349.750;;;;;;;0;1;0;0;0;0;0;0;0;0;0;0;0;0;0;0;0;0;0
72;Bank B;Control 2011;2011;Banking;Organization;Plan-driven;.NET;New Development;427;6,85;1.543.044;;;;;;;0;1;0;0;0;0;0;0;0;0;0;0;0;0;0;0;1;0;0
131;Bank A;"Profit Account; new functionality and enhancements in internet functionality related to customers accounts";2008;Banking;Internet & Mobile;Plan-driven;.NET;New Development;10;2,96;30.900;;;;;;;0;1;0;0;0;1;0;0;0;0;0;0;0;0;0;0;0;1;0
145;Bank A;Maintenance and new functionality release on one call-center application;2010;Banking;Call Center Solutions;Plan-driven;.NET;New Development;121;9,58;1.131.732;;;;;;;0;1;0;0;0;1;0;0;0;0;0;0;1;0;0;0;0;1;0
159;Bank A;Maintenance and new functionality release on an existing savings and loans application;2008;Banking;Savings & Loans;Plan-driven;3GL;New Development;135;4,74;79.611;;;;;;;0;1;0;0;0;1;0;0;0;0;0;0;0;0;0;0;1;0;0
168;Bank A;Covered Bond;2009;Banking;Mortgages;Plan-driven;3GL;New Development;185;9,50;192.989;;;;;;;0;1;0;0;0;1;0;0;0;0;0;0;0;0;0;0;0;1;0
169;Bank A;Agreements Packages;2009;Banking;Client and Account Management;Plan-driven;3GL;New Development;115;5,67;1.649.823;;;;;;;0;1;0;0;0;1;0;0;0;0;0;0;0;0;0;0;0;1;0
175;Bank A;"maintenance and enhancement project on an existing mortgage appliaction; Enhance Goal Properties in Maintenance";2009;Banking;Mortgages;Plan-driven;3GL;New Development;72;9,33;311.866;;;;;;;0;1;0;0;0;1;0;0;0;0;0;0;0;0;0;1;0;0;0
20;Bank B;New functionality with regard to SEPA DD on existing application (rules & regulations);2009;Banking;Payments;Plan-driven;COBOL;New Development;95;8,78;188.422;;;;;;;0;1;0;0;0;0;0;0;0;0;0;0;0;0;0;0;0;0;0
21;Bank B;New functionality with regard to SEPA DD on existing application (rules & regulations);2009;Banking;Payments;Plan-driven;COBOL;New Development;76;9,06;935.867;;;;;;;0;1;0;0;0;0;0;0;0;0;0;0;0;0;0;0;0;0;0
75;Bank B;Maintenance Savings OH2010-2;2011;Banking;Savings & Loans;Plan-driven;COBOL;New Development;327;11,74;866.434;;;;;;;0;1;0;0;0;1;0;0;0;0;0;0;0;0;0;1;0;0;0
95;Bank B;Realization adaptation Assortiment;2010;Banking;Savings & Loans;Plan-driven;COBOL;New Development;25;1,70;26.812;;;;;;;0;1;0;0;0;1;0;0;0;0;0;0;0;0;0;0;0;0;0
330;Bank A;"Maintenance and enhancements project on an existing payments application; Security driven project; EBW Security upgrade";2011;Banking;Payments;Plan-driven;COBOL;New Development;74;16,00;560.000;;;;;;;0;1;0;0;0;1;0;0;1;0;0;0;0;0;1;1;0;0;0
74;Bank B;Maintenance Savings ARW 5.4;2010;Banking;Savings & Loans;Plan-driven;Document;New Development;356;4,42;169.822;;;;;;;0;1;0;0;0;1;0;0;0;0;0;0;0;0;0;1;0;0;0
24;Bank B;"New functionality and maintenance on existing application; sub-project of a phased project; pahse 4";2008;Banking;Payments;Plan-driven;FOCUS;New Development;141;1,33;64.840;;;;;;;0;0;0;1;0;1;0;0;0;0;0;0;0;0;0;0;0;0;0
25;Bank B;"New functionality and maintenance on existing application; sub-project of a phased project; phase 5";2008;Banking;Payments;Plan-driven;FOCUS;New Development;173;1,28;81.880;;;;;;;0;0;0;1;0;1;0;0;0;0;0;0;0;0;0;0;0;0;0
27;Bank B;"New functionality and maintenance on existing application; sub-project of a phased project; phase 1- to 3";2008;Banking;Payments;Plan-driven;FOCUS;New Development;128;2,68;158.640;;;;;;;0;0;0;1;0;1;0;0;0;0;0;0;0;0;0;0;0;0;0
36;Bank B;Realisation CBT  ;2010;Banking;Finance & Risk;Plan-driven;JAVA;New Development;832;23,23;6.050.155;;;;;;;0;1;0;0;0;0;0;0;0;0;0;0;0;0;0;0;0;0;0
82;Bank B;Maintenance and new functionality release 4.0 on one application;2010;Banking;Finance & Risk;Plan-driven;JAVA;New Development;542;18,37;3.575.112;;;;;;;0;1;0;0;0;1;0;0;0;0;0;0;0;0;0;0;0;0;0
154;Bank A;Enhancements on an existing callcenter application;2008;Banking;Call Center Solutions;Plan-driven;JAVA;New Development;183;8,43;88.677;;;;;;;0;1;0;0;0;1;0;0;0;0;0;0;0;0;0;0;0;1;0
180;Bank A;"Maintenance and new functionality release on an existing data warehouse application; Lobster MI";2009;Banking;Data Warehouse & BI;Plan-driven;JAVA;New Development;304;6,21;364.000;;;;;;;0;1;0;0;0;1;0;0;0;0;0;0;0;0;0;0;0;0;0
185;Bank A;"Maintenance and new functionality release on an existing mortgages application; phased project; Boost Stage 1";2010;Banking;Mortgages;Plan-driven;JAVA;New Development;434;14,79;856.410;;;;;;;0;0;0;1;0;1;0;0;0;0;0;0;0;0;0;0;0;0;0
186;Bank A;"Maintenance and new functionality project on an existing mortgages application; phased project; Boost Stage 2";2010;Banking;Mortgages;Plan-driven;JAVA;New Development;154;11,95;744.630;;;;;;;0;0;0;1;0;1;0;0;0;0;0;0;0;0;0;0;0;0;0
198;Bank A;Maintenance and new functionality release on an existing mortgages application;2010;Banking;Mortgages;Plan-driven;JAVA;New Development;184;16,10;1.365.000;;;;;;;0;1;0;0;0;1;0;0;0;0;0;0;0;0;0;0;0;1;0
221;Bank A;"Maintenance and new functionality project on an existing client and accountmanagement application; part of a large customer migration program; Private Banking Customeradministration";2011;Banking;Client and Account Management;Plan-driven;JAVA;New Development;315;11,26;1.821.960;;;;;;;0;0;0;1;1;0;1;0;0;0;0;0;0;1;0;0;1;0;0
224;Bank A;"Maintenance and new functionality project on an existing client and accountmanagement application; part of a large customer migration program;  Payments Migration Debit Cards Business Wave 2";2010;Banking;Client and Account Management;Plan-driven;JAVA;New Development;24;16,00;172.580;;;;;;;0;0;0;1;1;0;1;0;0;0;0;0;0;1;0;0;1;0;0
278;Bank A;"Maintenance and new functionality project on an existing mortgages application; part of a large program; Mortgages Package Plateau 6 Data Migration";2011;Banking;Mortgages;Plan-driven;JAVA;New Development;56;12,95;340.000;;;;;;;0;0;0;1;1;0;1;0;0;0;1;0;0;0;0;1;0;0;0
313;Beltel;"Maintenance project on an existing CRM application; fixed price based on pre-project proposal; build and test performed by Indian supplier with strategic outsourcing agreement with Beltel; projectteam with members in Belgium and India; Business Discount";2011;Telecommunications;Client and Account Management;Plan-driven;JAVA;New Development;24;15,42;382.790;;;;;;;0;0;1;0;0;1;0;0;0;0;0;0;0;0;0;0;0;1;0
316;Beltel;"Maintenance and new functionality project on an existing internet application; fixed price based on pre-project proposal; build and test performed by Indian supplier with strategic outsourcing agreement with Beltel; projectteam with members in Belgium and India; Medion Aldi-Talk selfcare";2013;Telecommunications;Internet & Mobile;Plan-driven;JAVA;New Development;238;4,13;140.000;;;;;;;0;0;1;0;0;1;0;0;0;1;0;0;0;0;0;0;0;1;0
324;Beltel;"Maintenance and enhancements project on an existing Billing application; fixed price based on pre-project proposal; build and test performed by Indian supplier with strategic outsourcing agreement with Beltel; projectteam with members in Belgium and India; Flexible Payment Due Date";2011;Telecommunications;Client and Account Management;Plan-driven;JAVA;New Development;71;7,07;105.290;;;;;;;0;0;1;0;0;1;0;0;0;0;0;0;0;0;0;0;0;1;0
325;Beltel;"Maintenance and enhancements project on an existing Billing application; fixed price based on pre-project proposal; build and test performed by Indian supplier with strategic outsourcing agreement with Beltel; projectteam with members in Belgium and India; Dealer Commisioning";2012;Telecommunications;Client and Account Management;Plan-driven;JAVA;New Development;70;9,89;177.000;;;;;;;0;0;1;0;0;1;0;0;0;0;0;0;0;0;0;0;0;1;0
156;Bank A;"Enhancements and new functionality release on an existing mortgage application; part of a large customer migration program";2008;Banking;Mortgages;Plan-driven;JSP;New Development;500;11,93;747.655;;;;;;;0;0;0;1;1;0;1;0;0;0;0;0;0;0;0;0;1;0;0
80;Bank B;Recap Measures 2 VCM;2010;Banking;Client and Account Management;Plan-driven;ORACLE;New Development;135;7,91;636.589;;;;;;;0;1;0;0;0;0;0;0;0;0;0;0;0;0;0;0;0;0;0
10;Bank B;HTC 8.0 Application;2009;Banking;Finance & Risk;Plan-driven;POWERBUILDER;New Development;469;11,32;1.119.433;;;;;;;0;1;0;0;0;1;0;0;0;0;0;0;0;0;0;0;0;0;0
111;Bank B;Maintenance and new functionality release on one application HTC Project 10.0;2011;Banking;Finance & Risk;Plan-driven;SQL;New Development;665;7,20;680.567;;;;;;;0;1;0;0;0;1;0;0;0;0;0;0;0;0;0;0;0;0;0
113;Bank B;Maintenance and new functionality release on one application BML Risk Management 2011;2011;Banking;Organization;Plan-driven;SQL;New Development;469;5,83;262.334;;;;;;;0;1;0;0;0;1;0;0;0;0;0;0;0;0;0;0;0;0;0
162;Bank A;"Maintenance and new functionality release on an existing data warehouse & BI application; OneFar FADM ISI";2008;Banking;Data Warehouse & BI;Plan-driven;SQL;New Development;52;5,58;19.056;;;;;;;0;0;0;1;0;1;0;0;0;0;0;0;0;0;0;0;0;0;0
179;Bank A;"Maintenance and enhancements project on an existing data warehouse application; KBN";2009;Banking;Data Warehouse & BI;Plan-driven;Visual Basic;New Development;586;7,36;366.700;;;;;;;0;1;0;0;0;1;0;0;0;0;0;0;0;0;0;0;0;0;0
351;Beltel;"Maintenance and enhancements project on an existing Billing application; fixed price based on pre-project proposal; build and test performed by Indian supplier with strategic outsourcing agreement with Beltel; projectteam with members in Belgium and India; Bill Shock - Change Request 4";2014;Telecommunications;Billing;Plan-driven;;New Development;15;10,38;4.281;;;;;;;0;0;1;0;1;0;0;0;0;0;0;0;0;0;0;0;0;1;0
352;Beltel;"Maintenance and enhancements project on an existing Billing application; fixed price based on pre-project proposal; build and test performed by Indian supplier with strategic outsourcing agreement with Beltel; projectteam with members in Belgium and India; Bill Shock - Change Request 2";2014;Telecommunications;Billing;Plan-driven;;New Development;8;10,38;9.435;;;;;;;0;0;1;0;1;0;0;0;0;0;0;0;0;0;0;0;0;1;0
355;Beltel;"Maintenance, enhancements and new functionality project on an existing CRM application; fixed price based on pre-project proposal; build and test performed by Indian supplier with strategic outsourcing agreement with Beltel; projectteam with members in Belgium and India; Bundle Activation SMS Confirmation";2014;Telecommunications;Client and Account Management;Plan-driven;;New Development;103;7,92;250.999;;;;;;;0;0;1;0;1;0;0;0;0;0;0;0;0;0;0;0;0;1;0
358;Beltel;"Maintenance and enhancements project on an existing Billing application; fixed price based on pre-project proposal; build and test performed by Indian supplier with strategic outsourcing agreement with Beltel; projectteam with members in Belgium and India; Administration Fee";2014;Telecommunications;Billing;Plan-driven;;New Development;39;8,35;302.543;;;;;;;0;0;1;0;1;0;0;0;0;0;0;0;0;0;0;0;0;1;0
392;Beltel;"Enhancements project on a deployed CRM application; fixed price based on pre-project proposal; build and test performed by Indian supplier with strategic outsourcing agreement with Beltel; projectteam with members in Belgium and India; Replace Current near End of Life SMSC Central Management System";2015;Telecommunications;Client and Account Management;Plan-driven;;New Development;45;9,37;57.387;;;;;;;0;0;1;0;1;0;0;0;0;1;0;0;0;0;0;0;0;1;0
399;Beltel;"Maintenance and enhancements project on an existing Billing application; fixed price based on pre-project proposal; build and test performed by Indian supplier with strategic outsourcing agreement with Beltel; projectteam with members in Belgium and India; Bill Shock - Change Request 1";2015;Telecommunications;Billing;Plan-driven;;New Development;50;17,25;91.178;;;;;;;0;0;1;0;1;0;0;0;0;0;0;0;0;0;0;0;0;1;0
400;Beltel;"Maintenance and enhancements project on an existing CRM application; fixed price based on pre-project proposal; build and test performed by Indian supplier with strategic outsourcing agreement with Beltel; projectteam with members in Belgium and India; Connect T-Group - CMS reporting";2015;Telecommunications;Client and Account Management;Plan-driven;;New Development;27;9,37;148.174;;;;;;;0;0;1;0;1;0;0;0;0;0;0;0;0;0;0;0;0;1;0
401;Beltel;"Enhancements project on an existing CRM application; fixed price based on pre-project proposal; build and test performed by Indian supplier with strategic outsourcing agreement with Beltel; projectteam with members in Belgium and India; Replacement of the Roaming Tariff Solution";2015;Telecommunications;Client and Account Management;Plan-driven;;New Development;5;9,60;24.620;;;;;;;0;0;1;0;1;0;0;0;0;0;0;0;0;0;0;0;0;1;0
402;Beltel;"Enhancements project on an existing CRM application; fixed price based on pre-project proposal; build and test performed by Indian supplier with strategic outsourcing agreement with Beltel; projectteam with members in Belgium and India; Change MSISDN Instant Link";2015;Telecommunications;Client and Account Management;Plan-driven;;New Development;10;9,37;62.000;;;;;;;0;0;1;0;1;0;0;0;0;0;0;0;0;0;0;0;0;1;0
420;Beltel;"New functionality and enhancements project on an existing data warehouse application; fixed price based on pre-project proposal; build and test performed by Indian supplier with strategic outsourcing agreement with Beltel; projectteam with members in Belgium; CX Detailed Reporting - DWH project";2015;Telecommunications;Data Warehouse & BI;Plan-driven;;New Development;61;6,11;44.326;;;;;;;0;0;1;0;1;0;0;0;0;0;0;0;0;0;0;0;0;1;0
433;Beltel;"New functionality project on a new application; part of a (phased) program; fixed price based on pre-project proposal; build and test performed by Indian supplier with strategic outsourcing agreement with Beltel; projectteam with members in Belgium, India and Portugal; Order Management System - Online Activation";2015;Telecommunications;Billing;Scrum;;New Development;268;9,14;746.025;;;;;;;0;0;1;0;1;0;0;0;0;0;0;0;1;0;0;0;0;1;0
436;Beltel;"Enhancements project on an existing CRM application; fixed price based on pre-project proposal; build and test performed by Indian supplier with strategic outsourcing agreement with Beltel; projectteam with members in Belgium and India; CX Improvement Login & Consult";2015;Telecommunications;Client and Account Management;Plan-driven;;New Development;15;3,81;23.367;;;;;;;0;1;0;0;0;0;0;0;0;0;0;0;0;0;0;0;0;1;0
476;Beltel;"New functionality project on a new CRM application; fixed price based on pre-project proposal; build and test performed by Indian supplier with strategic outsourcing agreement with Beltel; projectteam with members in Belgium and India; Implementation of new CRM tool for sales follow-up";2016;Telecommunications;Client and Account Management;Scrum;;New Development;44;4,96;8.326;;;;;;;0;1;0;0;0;1;0;0;0;0;0;0;0;0;0;0;0;0;0
136;Bank A;Maintenance and enhancements on existing logging application in internet environment (relong logging history of transactions);2011;Banking;Internet & Mobile;Plan-driven;.NET;Minor Enhancement (5-25% new);36;7,73;353.620;;;;;;;0;1;0;0;0;1;0;0;0;0;0;0;0;0;0;1;0;0;0
143;Bank A;Mortgages relelase on existing application;2009;Banking;Mortgages;Plan-driven;.NET;Minor Enhancement (5-25% new);185;10,29;115.830;;;;;;;0;1;0;0;0;1;0;0;0;0;0;0;0;0;0;0;0;0;0
22;Bank B;New functionality with regard to SEPA DD on existing application (rules & regulations);2009;Banking;Payments;Plan-driven;COBOL;Minor Enhancement (5-25% new);460;20,61;5.416.666;;;;;;;0;1;0;0;0;0;0;0;0;0;0;0;0;0;0;0;1;0;0
42;Bank B;FCM Phase 2 Disentanglement (ICT);2009;Banking;Payments;Plan-driven;COBOL;Minor Enhancement (5-25% new);123;2,74;149.820;;;;;;;0;0;0;1;0;1;0;0;0;0;0;0;0;0;0;1;0;0;0
55;Bank B;Maintenance release 3.9 on one application;2009;Banking;Savings & Loans;Plan-driven;COBOL;Minor Enhancement (5-25% new);63;6,68;177.944;;;;;;;0;1;0;0;0;0;0;0;0;0;0;0;0;0;0;0;0;0;0
93;Bank B;Standing Right Account;2010;Banking;Savings & Loans;Plan-driven;COBOL;Minor Enhancement (5-25% new);164;7,99;501.755;;;;;;;0;1;0;0;0;1;0;0;0;0;0;0;0;0;0;0;0;0;0
217;Bank A;"Maintenance and new functionality project on an existing savings and loans application; Solve Mortgage Functionality between two existing applications 2010";2010;Banking;Savings & Loans;Plan-driven;COBOL;Minor Enhancement (5-25% new);50;14,19;187.050;;;;;;;0;1;0;0;0;1;0;0;0;0;0;0;0;0;0;0;0;1;0
331;Bank A;"Maintenance and enhancements project on an existing payments application; TIP Account Number";2011;Banking;Payments;Plan-driven;COBOL;Minor Enhancement (5-25% new);101;10,65;310.310;;;;;;;0;1;0;0;0;1;0;0;0;0;0;0;0;0;0;0;0;1;0
333;Bank A;"Maintenance and enhancements project on an existing payments application; ETTA Swift Sweeping";2011;Banking;Payments;Plan-driven;COBOL;Minor Enhancement (5-25% new);116;12,13;420.920;;;;;;;0;1;0;0;0;1;0;0;0;0;0;0;0;0;0;0;0;1;0
6;Bank B;Yearwork 2009;2009;Banking;Savings & Loans;Plan-driven;JAVA;Minor Enhancement (5-25% new);15;14,57;373.855;;;;;;;0;1;0;0;0;0;0;0;0;0;0;0;0;0;0;0;1;0;0
32;Bank B;New functionality and maintenance release on one application;2010;Banking;Finance & Risk;Plan-driven;JAVA;Minor Enhancement (5-25% new);1500;17,10;6.585.980;;;;;;;0;1;0;0;0;1;0;0;0;0;0;0;0;0;0;0;0;0;0
78;Bank B;Large customer migration project;2010;Banking;Organization;Plan-driven;JAVA;Minor Enhancement (5-25% new);801;8,00;1.047.889;;;;;;;0;1;0;0;0;0;0;0;0;0;0;0;0;0;0;0;0;0;0
225;Bank A;"Maintenance and new functionality project on an existing client and accountmanagement application; part of a large program; Payments Migration Debit Cards Wave 1";2010;Banking;Client and Account Management;Plan-driven;JAVA;Minor Enhancement (5-25% new);24;7,00;134.420;;;;;;;0;0;0;1;1;0;1;0;0;0;0;0;0;1;0;0;1;0;0
240;Bank A;"Maintenance and new functionality project on an existing savings application; Savings Repositioning BRR";2011;Banking;Savings & Loans;Plan-driven;JAVA;Minor Enhancement (5-25% new);38;5,46;115.420;;;;;;;0;1;0;0;0;1;0;0;0;0;0;0;0;0;0;0;0;1;0
256;Bank A;"Maintenance and new functionality project on an existing internet application; Security driven solution; VIP FOX IT Internet Security";2011;Banking;Internet & Mobile;Plan-driven;JAVA;Minor Enhancement (5-25% new);61;10,77;229.240;;;;;;;0;1;0;0;0;1;0;0;1;0;0;0;0;0;0;1;0;0;0
315;Beltel;"Maintenance and new functionality project on an existing internet application; fixed price based on pre-project proposal; build and test performed by Indian supplier with strategic outsourcing agreement with Beltel; projectteam with members in Belgium and India; Usability e-services";2013;Telecommunications;Internet & Mobile;Plan-driven;JAVA;Minor Enhancement (5-25% new);341;14,45;241.400;;;;;;;0;0;1;0;0;1;0;0;0;0;0;0;0;1;0;0;0;1;0
319;Beltel;"New functionality project on in a CRM domain; fixed price based on pre-project proposal; build and test performed by Indian supplier with strategic outsourcing agreement with Beltel; projectteam with members in Belgium and India; Tintin Application";2011;Telecommunications;Client and Account Management;Plan-driven;JAVA;Minor Enhancement (5-25% new);352;10,57;1.911.760;;;;;;;0;0;1;0;0;1;0;0;0;0;0;0;0;0;0;0;0;1;0
320;Beltel;"Maintenance and enhancements project on an existing CRM application; fixed price based on pre-project proposal; build and test performed by Indian supplier with strategic outsourcing agreement with Beltel; projectteam with members in Belgium and India; Online Invoice";2013;Telecommunications;Client and Account Management;Plan-driven;JAVA;Minor Enhancement (5-25% new);117;16,28;373.810;;;;;;;0;0;1;0;0;1;0;1;0;0;0;0;0;1;0;0;0;1;0
349;Beltel;"Maintenance and enhancements project on an existing CRM application; fixed price based on pre-project proposal; build and test performed by Indian supplier with strategic outsourcing agreement with Beltel; projectteam with members in Belgium and India; Tokyo CRM Application";2013;Telecommunications;Client and Account Management;Plan-driven;JAVA;Minor Enhancement (5-25% new);40;9,30;277.000;;;;;;;0;0;1;0;1;0;0;0;0;0;0;0;0;0;0;0;0;1;0
170;Bank A;"Maintenance and new functionality release on an existing front office application; VIAS 2009-01";2009;Banking;Front Office Solutions;Plan-driven;RPG;Minor Enhancement (5-25% new);35;5,57;119.189;;;;;;;0;0;0;1;0;1;0;0;0;0;0;0;0;0;0;0;0;0;0
171;Bank A;"Maintenance and new functionality release on an existing front office application; VIAS 2009-02";2009;Banking;Front Office Solutions;Plan-driven;RPG;Minor Enhancement (5-25% new);124;6,87;209.456;;;;;;;0;0;0;1;0;1;0;0;0;0;0;0;0;0;0;0;0;0;0
172;Bank A;"Maintenance and new functionality release on an existing front office application; VIAS 2009-03";2009;Banking;Front Office Solutions;Plan-driven;RPG;Minor Enhancement (5-25% new);212;5,11;226.466;;;;;;;0;0;0;1;0;1;0;0;0;0;0;0;0;0;0;0;0;0;0
163;Bank A;"Maintenance and new functionality release on an existing data warehouse & BI application; OneFar xGL to CFO";2008;Banking;Data Warehouse & BI;Plan-driven;SQL;Minor Enhancement (5-25% new);21;3,94;12.233;;;;;;;0;0;0;1;0;1;0;0;0;0;0;0;0;0;0;0;0;0;0
164;Bank A;"Maintenance and new functionality release on an existing data warehouse & BI application; OneFar TL to CFO";2008;Banking;Data Warehouse & BI;Plan-driven;SQL;Minor Enhancement (5-25% new);15;4,39;29.700;;;;;;;0;0;0;1;0;1;0;0;0;0;0;0;0;0;0;0;0;0;0
364;Beltel;"Maintenance and enhancements project on an existing Billing application; fixed price based on pre-project proposal; build and test performed by Indian supplier with strategic outsourcing agreement with Beltel; projectteam with members in Belgium and India; Implement Insight Prepaid Table and Data Pre-Post";2014;Telecommunications;Billing;Plan-driven;;Minor Enhancement (5-25% new);20;4,40;18.893;;;;;;;0;0;1;0;1;0;0;0;0;0;0;0;0;0;0;0;0;1;0
367;Beltel;"Maintenance and enhancements project on an existing CRM application; fixed price based on pre-project proposal; build and test performed by Indian supplier with strategic outsourcing agreement with Beltel; projectteam with members in Belgium and India; Upload e-mail addresses - Phase 2";2014;Telecommunications;Client and Account Management;Plan-driven;;Minor Enhancement (5-25% new);23;9,96;57.289;;;;;;;0;0;1;0;1;0;0;0;0;0;0;0;0;0;0;0;0;1;0
397;Beltel;"Enhancements project on an existing Billing application; fixed price based on pre-project proposal; build and test performed by Indian supplier with strategic outsourcing agreement with Beltel; projectteam with members in Belgium and India; Enhancement of batch processing";2015;Telecommunications;Billing;Plan-driven;;Minor Enhancement (5-25% new);9;8,91;27.244;;;;;;;0;0;1;0;1;0;0;0;0;0;0;0;0;0;0;0;0;1;0
448;Beltel;"Enhancements project on an existing Billing application; fixed price based on pre-project proposal; build and test performed by Indian supplier with strategic outsourcing agreement with Beltel; projectteam with members in Belgium and India; BSCS Post Deployment Activity Automation";2016;Telecommunications;Billing;Plan-driven;;Minor Enhancement (5-25% new);11;9,14;38.894;;;;;;;0;0;1;0;0;0;0;0;0;0;0;1;1;0;0;0;0;0;0
456;Beltel;"Enhancements project on an existing Billing application; fixed price based on pre-project proposal; build and test performed by Indian supplier with strategic outsourcing agreement with Beltel; projectteam with members in Belgium and India; Script to be added in automate post deployment tool";2016;Telecommunications;Billing;Scrum;;Minor Enhancement (5-25% new);4;6,28;28.025;;;;;;;0;0;1;0;0;0;0;0;0;0;0;1;1;0;0;0;0;0;0
468;Beltel;"Maintenance project on an existing Billing application; fixed price based on pre-project proposal; build and test performed by Indian supplier with strategic outsourcing agreement with Beltel; projectteam with members in Belgium and India; Remove duplicate activation in bundle area";2016;Telecommunications;Billing;Scrum;;Minor Enhancement (5-25% new);16;10,02;6.603;;;;;;;0;0;0;0;0;0;0;0;0;0;0;1;1;0;0;0;0;0;0
469;Beltel;"Enhancements project on an existing CRM application; fixed price based on pre-project proposal; build and test performed by Indian supplier with strategic outsourcing agreement with Beltel; projectteam with members in Belgium and India; SI - Make dimensions visible for Comviva";2016;Telecommunications;Client and Account Management;Scrum;;Minor Enhancement (5-25% new);20;3,45;66.076;;;;;;;0;0;1;0;0;1;0;0;0;0;0;0;1;0;0;0;0;0;0
477;Beltel;"Enhancements project on an existing Billing application; fixed price based on pre-project proposal; build and test performed by Indian supplier with strategic outsourcing agreement with Beltel; projectteam with members in Belgium and India; Tariff Advisor Upgrade";2016;Telecommunications;Billing;Scrum;;Minor Enhancement (5-25% new);30;6,61;132.766;;;;;;;0;0;1;0;0;1;0;0;0;0;0;1;1;0;0;0;0;1;0
483;Beltel;"Enhancements project on an existing Billing application; fixed price based on pre-project proposal; build and test performed by Indian supplier with strategic outsourcing agreement with Beltel; projectteam with members in Belgium and India; Remove duplicate activation in bundle area";2016;Telecommunications;Billing;Scrum;;Minor Enhancement (5-25% new);16;10,45;37.553;;;;;;;0;0;0;0;0;0;0;0;0;0;0;1;1;0;0;0;0;0;0
485;Beltel;"Enhancements project on an existing CRM application; fixed price based on pre-project proposal; build and test performed by Indian supplier with strategic outsourcing agreement with Beltel; projectteam with members in Belgium and India; PBM/IP logging files";2016;Telecommunications;Client and Account Management;Scrum;;Minor Enhancement (5-25% new);12;3,55;26.753;;;;;;;0;0;0;0;0;0;0;0;1;0;0;1;1;0;0;0;0;0;0
137;Bank A;Aftercare release on existing customer loyalty application in internet environment;2009;Banking;Internet & Mobile;Plan-driven;.NET;Major Enhancement (25-75% new);116;3,80;304.170;;;;;;;0;1;0;0;0;1;0;0;0;0;0;0;0;0;0;1;0;0;0
138;Bank A;New functionality in existing internet environment;2009;Banking;Internet & Mobile;Plan-driven;.NET;Major Enhancement (25-75% new);194;7,80;504.910;;;;;;;0;1;0;0;0;1;0;0;1;0;0;0;0;0;0;1;0;0;0
149;Bank A;"Maintenance and new functionality on an existing mortgage application; release 3.1";2009;Banking;Front Office Solutions;Plan-driven;.NET;Major Enhancement (25-75% new);74;4,80;136.080;;;;;;;0;1;0;0;0;0;0;0;0;0;0;0;0;0;0;0;0;1;0
176;Bank A;"Maintenance and new functionality release on an existing savings application; DI SEW 2OV";2009;Banking;Savings & Loans;Plan-driven;.NET;Major Enhancement (25-75% new);114;13,04;1.186.378;;;;;;;0;1;0;0;0;1;0;0;0;0;0;0;0;0;0;0;0;0;0
157;Bank A;"Enhancements to an existing savings and loans application; Reporting to Clients";2008;Banking;Savings & Loans;Plan-driven;3GL;Major Enhancement (25-75% new);141;10,71;207.167;;;;;;;0;1;0;0;0;1;0;0;0;0;0;0;0;0;0;0;1;0;0
23;Bank B;New functionality with regard to SEPA DD on existing application (rules & regulations);2009;Banking;Payments;Plan-driven;COBOL;Major Enhancement (25-75% new);193;12,64;2.042.089;;;;;;;0;1;0;0;0;0;0;0;0;0;0;0;0;0;0;0;0;0;0
31;Bank B;Realisation Periodic Savings;2010;Banking;Savings & Loans;Plan-driven;COBOL;Major Enhancement (25-75% new);131;8,84;431.644;;;;;;;0;1;0;0;0;0;0;0;0;0;0;0;0;0;0;0;0;1;0
53;Bank B;SEPA Cards Incloud;2010;Banking;Payments;Plan-driven;COBOL;Major Enhancement (25-75% new);214;13,06;2.247.389;;;;;;;0;1;0;0;0;0;0;0;0;0;0;0;0;0;0;0;1;0;0
57;Bank B;Yearly Work on Savings application 2009;2010;Banking;Savings & Loans;Plan-driven;COBOL;Major Enhancement (25-75% new);181;10,42;1.253.222;;;;;;;0;1;0;0;0;0;0;0;0;0;0;0;0;0;0;1;0;0;0
59;Bank B;INBP Cards 1-to-1 Conversion;2009;Banking;Client and Account Management;Plan-driven;COBOL;Major Enhancement (25-75% new);101;5,38;820.766;;;;;;;0;1;0;0;0;0;1;0;0;0;0;0;0;0;0;1;0;0;0
76;Bank B;REA Authorization Transfer MRV;2010;Banking;Payments;Plan-driven;COBOL;Major Enhancement (25-75% new);319;9,90;1.259.455;;;;;;;0;1;0;0;0;1;0;0;0;0;0;0;0;0;0;0;0;0;0
79;Bank B;Maintenance release Savings;2010;Banking;Savings & Loans;Plan-driven;COBOL;Major Enhancement (25-75% new);60;5,90;483.133;;;;;;;0;0;0;0;0;0;0;0;0;0;0;0;0;0;0;0;0;0;0
334;Bank A;"Maintenance and enhancements project on an existing payments application; Payments Private Banking Functionality";2011;Banking;Payments;Plan-driven;COBOL;Major Enhancement (25-75% new);135;13,71;474.810;;;;;;;0;1;0;0;0;1;0;0;0;0;0;0;0;0;1;0;0;1;0
26;Bank B;"New functionality and maintenance on existing application; sub-project of a phased project; phase 6";2008;Banking;Payments;Plan-driven;FOCUS;Major Enhancement (25-75% new);45;0,90;18.080;;;;;;;0;0;0;1;0;1;0;0;0;0;0;0;0;0;0;0;0;0;0
41;Bank B;MiFiD (Markets in Financial Instruments Directive) 2;2009;Banking;Savings & Loans;Plan-driven;JAVA;Major Enhancement (25-75% new);251;10,07;688.401;;;;;;;0;0;0;1;0;1;0;0;0;0;0;0;0;0;0;0;0;0;0
56;Bank B;Realisation BBS 4.1;2010;Banking;Finance & Risk;Plan-driven;JAVA;Major Enhancement (25-75% new);352;19,00;3.197.867;;;;;;;0;1;0;0;0;0;0;0;0;0;0;0;0;0;0;0;0;0;0
105;Bank B;Build and enhance Advisory Module Savings;2011;Banking;Client and Account Management;Scrum;JAVA;Major Enhancement (25-75% new);134;8,65;848.811;;;;;;;0;1;0;0;0;1;0;0;0;0;0;0;0;0;0;0;0;1;0
151;Bank A;"Enhancements and new functionality release on an existing webapplication; sub-project of a large customer migration program; wave 1 Tranche C/D Internet";2010;Banking;Internet & Mobile;Plan-driven;JAVA;Major Enhancement (25-75% new);150;15,31;572.000;;;;;;;0;0;0;1;1;0;1;0;0;0;0;0;0;0;0;0;1;0;0
197;Bank A;Maintenance and new functionality project on an existing mortgages application with regard to improvement of cost transparency;2010;Banking;Mortgages;Plan-driven;JAVA;Major Enhancement (25-75% new);120;11,91;579.000;;;;;;;0;1;0;0;0;1;0;0;0;0;0;0;0;0;0;0;1;0;0
208;Bank A;"Maintenance and new functionality project on an existing mortgages application; Mortgages Collections Policy";2011;Banking;Mortgages;Plan-driven;JAVA;Major Enhancement (25-75% new);238;12,78;642.000;;;;;;;0;1;0;0;0;1;0;0;0;0;0;0;0;0;0;0;1;0;0
209;Bank A;"Maintenance and new functionality project on an existing internet application; part of a large customer migration program; Wave 2 Internet Banking - Open Environment";2010;Banking;Internet & Mobile;Plan-driven;JAVA;Major Enhancement (25-75% new);84;11,91;498.000;;;;;;;0;0;0;1;0;1;1;0;0;0;0;0;0;0;0;0;1;0;0
218;Bank A;Maintenance release on an existing savings and loans application;2010;Banking;Savings & Loans;Plan-driven;JAVA;Major Enhancement (25-75% new);14;6,81;228.690;;;;;;;0;1;0;0;0;1;0;0;0;0;0;0;0;0;0;0;0;1;0
223;Bank A;"Maintenance and new functionality project on an existing customer information management application; part of a large customer migration program; W2 Customer Migration";2010;Banking;Client and Account Management;Plan-driven;JAVA;Major Enhancement (25-75% new);45;2,52;724.470;;;;;;;0;0;0;1;1;0;1;0;0;0;0;0;0;0;0;0;1;0;0
242;Bank A;"Maintenance and new functionality project on an existing client and accountmanagement application; part of a large customer migration program; Private Banking Customer Information Management Clinet Administration enhance Target";2011;Banking;Client and Account Management;Plan-driven;JAVA;Major Enhancement (25-75% new);315;11,27;695.880;;;;;;;0;0;0;1;1;0;1;0;0;0;0;0;0;1;1;0;1;0;0
312;Beltel;"Maintenance project on an existing CRM application; fixed price based on pre-project proposal; build and test performed by Indian supplier with strategic outsourcing agreement with Beltel; projectteam with members in Belgium and India; Change of Ownership";2011;Telecommunications;Client and Account Management;Plan-driven;JAVA;Major Enhancement (25-75% new);17;13,74;113.040;;;;;;;0;0;1;0;0;1;0;0;0;0;0;0;0;1;0;0;0;1;0
321;Beltel;"Maintenance and enhancements project on an existing CRM application; fixed price based on pre-project proposal; build and test performed by Indian supplier with strategic outsourcing agreement with Beltel; fixed, experienced projectteam with members in Belgium and India; CRM: Quick Wins 1";2012;Telecommunications;Client and Account Management;Plan-driven;JAVA;Major Enhancement (25-75% new);81;10,40;210.640;;;;;;;0;0;1;0;0;1;0;0;0;0;0;0;0;0;0;1;0;0;0
40;Bank B;INBP CRM Phase 1;2009;Banking;Client and Account Management;Plan-driven;ORACLE;Major Enhancement (25-75% new);205;15,04;6.802.466;;;;;;;0;0;0;1;0;0;0;0;0;0;0;0;0;0;0;0;0;0;0
43;Bank B;BBI Phase 2a and 2b (migration);2009;Banking;Finance & Risk;Plan-driven;ORACLE;Major Enhancement (25-75% new);366;9,78;1.861.945;;;;;;;0;0;0;1;0;0;1;0;0;0;0;0;0;0;0;0;0;0;0
158;Bank A;Maintenance and new functionality release on an existing savings and loans application;2008;Banking;Savings & Loans;Plan-driven;RPG;Major Enhancement (25-75% new);457;8,09;1.363.712;;;;;;;0;1;0;0;0;1;0;0;0;0;0;0;0;0;0;0;0;0;0
166;Bank A;"Maintenance and new functionality release on an existing callcenter application; Auto2009-1";2009;Banking;Call Center Solutions;Plan-driven;RPG;Major Enhancement (25-75% new);73;3,35;176.888;;;;;;;0;1;0;0;0;1;0;0;0;0;1;0;0;0;0;0;0;1;1
96;Bank B;Maintenance and new functionality release on one application CRMi 2014;2010;Banking;Client and Account Management;Plan-driven;Siebel;Major Enhancement (25-75% new);189;5,89;266.511;;;;;;;0;1;0;0;0;1;0;0;0;0;0;0;0;0;0;0;0;0;0
161;Bank A;"Maintenance and new functionality release on an existing data warehouse & BI application; OneFar CIA";2008;Banking;Data Warehouse & BI;Plan-driven;SQL;Major Enhancement (25-75% new);425;12,62;469.100;;;;;;;0;0;0;1;0;1;0;0;0;0;0;0;0;0;0;0;0;0;0
389;Beltel;"New functionality and enhancements project on an existing data warehouse application; fixed price based on pre-project proposal; build and test performed by Indian supplier with strategic outsourcing agreement with Beltel; projectteam with members in Belgium and India; Snow Commercial Data Warehouse";2014;Telecommunications;Data Warehouse & BI;Plan-driven;;Major Enhancement (25-75% new);300;3,75;92.008;;;;;;;0;0;1;0;1;0;0;0;0;0;0;0;0;0;0;0;0;1;0
394;Beltel;"Maintenance project on an existing CRM application; fixed price based on pre-project proposal; build and test performed by Indian supplier with strategic outsourcing agreement with Beltel; projectteam with members in Belgium and India; CRM Application - Stability Improvement";2015;Telecommunications;Client and Account Management;Plan-driven;;Major Enhancement (25-75% new);8;8,31;22.930;;;;;;;0;0;1;0;1;0;0;0;0;0;0;0;0;0;0;0;0;1;0
395;Beltel;"Maintenance and enhancements project on an existing Billing application; fixed price based on pre-project proposal; build and test performed by Indian supplier with strategic outsourcing agreement with Beltel; projectteam with members in Belgium and India; 1 Day Porting DLS 2.4";2015;Telecommunications;Billing;Plan-driven;;Major Enhancement (25-75% new);35;9,14;123.249;;;;;;;0;0;1;0;1;0;0;0;0;0;0;0;0;0;0;0;1;0;0
396;Beltel;"Enhancements project on an existing CRM application (Divine); fixed price based on pre-project proposal; build and test performed by Indian supplier with strategic outsourcing agreement with Beltel; projectteam with members in Belgium and India; CRM Application- Stability Improvement";2015;Telecommunications;Client and Account Management;Plan-driven;;Major Enhancement (25-75% new);8;8,91;22.930;;;;;;;0;0;1;0;1;0;0;0;0;0;0;0;0;0;0;0;0;1;0
398;Beltel;"Enhancements project on an existing CRM application; rules and regulations driven project; fixed price based on pre-project proposal; build and test performed by Indian supplier with strategic outsourcing agreement with Beltel; projectteam with members in Belgium and India; 1-Day Porting (Rules & Regulations Requirement)";2015;Telecommunications;Client and Account Management;Plan-driven;;Major Enhancement (25-75% new);38;12,29;132.939;;;;;;;0;0;1;0;1;0;0;0;0;0;0;0;0;0;0;0;1;0;0
404;Beltel;"Maintenance and enhancements project on an existing Billing application; fixed price based on pre-project proposal; build and test performed by Indian supplier with strategic outsourcing agreement with Beltel; projectteam with members in Belgium and India; Disable NAVS check for prepaid";2015;Telecommunications;Billing;Plan-driven;;Major Enhancement (25-75% new);12;5,62;14.202;;;;;;;0;0;1;0;1;0;0;0;0;0;0;0;0;0;0;0;0;1;0
405;Beltel;"Maintenance and enhancements project on an existing CRM application; fixed price based on pre-project proposal; build and test performed by Indian supplier with strategic outsourcing agreement with Beltel; projectteam with members in Belgium and India; HSS Phase II - HSS to CDC";2015;Telecommunications;Client and Account Management;Plan-driven;;Major Enhancement (25-75% new);74;8,81;50.000;;;;;;;0;0;1;0;1;0;0;0;0;0;0;0;0;0;0;0;0;1;0
460;Beltel;"New functionality and enhancements project on an existing internet application; fixed price based on pre-project proposal; build and test performed by Indian supplier with strategic outsourcing agreement with Beltel; projectteam with members in Belgium and India; frontend supplier API development";2016;Telecommunications;Internet & Mobile;Scrum;;Major Enhancement (25-75% new);124;3,15;69.700;;;;;;;0;0;1;0;0;1;0;0;0;0;0;1;1;0;0;0;0;1;0
488;Beltel;"Enhancements project on an existing Internet application; fixed price based on pre-project proposal; projectteam with members in Belgium; Community support: SSO and Facebook login";2016;Telecommunications;Internet & Mobile;Scrum;;Major Enhancement (25-75% new);60;4,01;27.011;;;;;;;0;0;0;0;0;1;0;0;0;0;0;1;1;0;0;0;0;1;0
165;Bank A;"Maintenance and new functionality project on an existing mortgages application; H1S";2009;Banking;Mortgages;Plan-driven;3GL;Conversion (<5% new);254;8,44;1.025.700;;;;;;;0;1;0;0;0;1;0;0;0;0;0;0;0;0;0;0;0;0;0
167;Bank A;"Maintenance and enhancement project on an existing mortgages application; Bank Savings Acoount Mortgage Short Term";2009;Banking;Mortgages;Plan-driven;3GL;Conversion (<5% new);374;10,10;1.764.156;;;;;;;0;1;0;0;0;1;0;0;0;0;0;0;0;0;0;0;0;1;0
30;Bank B;New functionality and maintenance release on one application;2009;Banking;Organization;Plan-driven;COBOL;Conversion (<5% new);255;8,51;661.289;;;;;;;0;1;0;0;0;1;0;0;0;0;0;0;0;0;0;0;0;0;0
33;Bank B;Bank Savings release 3;2010;Banking;Savings & Loans;Plan-driven;COBOL;Conversion (<5% new);294;16,53;2.072.744;;;;;;;0;1;0;0;0;0;0;0;0;0;0;0;0;0;0;0;1;0;0
13;Bank B;CIV Product Image;2009;Banking;Client and Account Management;Plan-driven;JAVA;Conversion (<5% new);518;14,65;2.007.250;;;;;;;0;1;0;0;0;1;0;0;0;0;0;0;0;0;0;0;0;0;0
60;Bank B;Realisation Online Member Influence;2010;Banking;Client and Account Management;Plan-driven;JAVA;Conversion (<5% new);306;9,15;710.177;;;;;;;0;1;0;0;0;0;0;0;0;0;0;0;0;0;0;0;0;0;0
235;Bank A;"Maintenance and new functionality project on an existing mortgages application; AFM Checking; Rules & Regulations driven project";2011;Banking;Mortgages;Plan-driven;JAVA;Conversion (<5% new);168;19,26;1.024.000;;;;;;;0;1;0;0;0;1;0;0;0;0;0;0;0;0;0;0;1;0;0
424;Beltel;"Release-based on a single application (Divine system, a bad performing CRM legacy system). Satisfied team and customers; best practice performance. Steady heartbeat (go live every 6 weeks), fixed, experienced team; involved users from the CX-department (Customer Experience); Scrum (Product Owner, scrumtool Scrumwise, sprint backlog, however, no formal Scrummaster, no standups, selfsteering team, good communication). Globally distributed team (1 Product Owner, 1 Business Analyst, 1 developer, 1 tester onsite, 2 developers India). CECIL 2015-R3 (Divine) (PV); Project 3.1 in Elsevier Information and Software Technology         https://doi.org/10.1016/j.infsof.2017.04.008";2015;Telecommunications;Client and Account Management;Plan-driven;;New Development;13;9,37;45.817;3.738;12;;3,50;3,50;3,58;1;0;0;0;1;0;0;0;0;0;0;0;0;0;0;0;1;0;0
432;Beltel;DWH Release R5 (3 sprints). Delivery of Data Warehouse and BI functionality by fixed DWH-team (onsite, Indian supplier). Team worked based on Scrum (including external agile coaching). First formal Scrum team in the Telecom organization. Project 5.3 in Elsevier Information and Software Technology         https://doi.org/10.1016/j.infsof.2017.04.008;2015;Telecommunications;Data Warehouse & BI;Scrum;;New Development;174;4,96;192.000;;;;3,50;3,50;3,33;1;0;0;0;0;1;0;0;0;0;0;1;1;0;0;0;0;1;0
426;Beltel;"Maintenance and enhancements release on an existing CRM application (Divine); fixed, and experienced team; steady (monthly) heartbeat; Scrum; build and test performed by Indian supplier with strategic outsourcing agreement with Beltel; projectteam with members in Belgium and India; Project 4.2 in Elsevier Information and Software Technology         https://doi.org/10.1016/j.infsof.2017.04.008";2015;Telecommunications;Client and Account Management;Scrum;;New Development;63;6,11;110.000;;10;;3,92;3,92;3,30;1;0;0;0;0;1;0;0;0;0;0;1;1;0;0;0;0;1;0
428;Beltel;"Release-based on a single application (Divine system, a bad performing CRM legacy system). Satisfied team and customers; best practice performance. Steady heartbeat (go live every 6 weeks), fixed, experienced team; involved users from the CX-department (Customer Experience); Scrum (Product Owner, scrumtool Scrumwise, sprint backlog, however, no formal Scrummaster, no standups, selfsteering team, good communication). Globally distributed team (1 Product Owner, 1 Business Analyst, 1 developer, 1 tester onsite, 2 developers India). CECIL 2015-R4  (Divine) (PV); Project 5.1 in Elsevier Information and Software Technology         https://doi.org/10.1016/j.infsof.2017.04.008";2015;Telecommunications;Client and Account Management;Scrum;;New Development;28;6,34;37.455;400;6;;4,50;4,50;4,00;1;0;0;0;0;1;0;0;0;0;0;1;1;0;0;0;0;1;0
437;Beltel;"Release-based on a single application (Divine system, a bad performing CRM legacy system). Satisfied team and customers; best practice performance. Steady heartbeat (go live every 6 weeks), fixed, experienced team; involved users from the CX-department (Customer Experience); Scrum (Product Owner, scrumtool Scrumwise, sprint backlog, however, no formal Scrummaster, no standups, selfsteering team, good communication). Globally distributed team (1 Product Owner, 1 Business Analyst, 1 developer, 1 tester onsite, 2 developers India).CECIL 2015-R6 (Epiphany)";2015;Telecommunications;Client and Account Management;Scrum;;New Development;16;6,51;8.000;;;;4,50;4,50;3,25;1;0;0;0;0;1;0;0;0;0;0;1;1;0;0;0;0;1;0
297;Bank A;"Maintenance and new functionality release on a finance & risk application; fixed and experienced team that releases monthly; steady heartbeat; release-based working mapped on one application; during 2011 / 2012 the delivery method changed from plan-driven to Scrum; APL-B Release 2012-01 (January)";2012;Banking;Finance & Risk;Scrum;ORACLE;Conversion (<5% new);5;2,54;35.540;;0;0;;;;1;0;0;0;0;1;0;0;0;0;0;1;1;0;0;0;0;1;0
295;Bank A;"Maintenance and new functionality release on a finance & risk application; fixed and experienced team that releases monthly; steady heartbeat; release-based working mapped on one application; during 2011 / 2012 the delivery method changed from plan-driven to Scrum; APL-B Release 2011-11 (November)";2011;Banking;Finance & Risk;Plan-driven;ORACLE;New Development;9;2,48;41.370;;1;0;;;;1;0;0;0;0;1;0;0;0;0;0;1;1;0;0;0;0;1;0
301;Bank A;"Maintenance and new functionality release on a finance & risk application; fixed and experienced team that releases monthly; steady heartbeat; release-based working mapped on one application; during 2011 / 2012 the delivery method changed from plan-driven to Scrum; APL-B Release 2012-05 (May)";2012;Banking;Finance & Risk;Scrum;ORACLE;New Development;25;2,50;33.900;;1;0;;;;1;0;0;0;0;1;0;0;0;0;0;1;1;0;0;0;0;1;0
304;Bank A;"Maintenance and new functionality release on a finance & risk application; fixed and experienced team that releases monthly; steady heartbeat; release-based working mapped on one application; during 2011 / 2012 the delivery method changed from plan-driven to Scrum; APL-B Release 2012-08 (August)";2012;Banking;Finance & Risk;Scrum;ORACLE;New Development;10;2,50;32.770;;1;0;;;;1;0;0;0;0;1;0;0;0;0;0;1;1;0;0;0;0;1;0
303;Bank A;"Maintenance and new functionality release on a finance & risk application; fixed and experienced team that releases monthly; steady heartbeat; release-based working mapped on one application; during 2011 / 2012 the delivery method changed from plan-driven to Scrum; APL-B Release 2012-07 (July)";2012;Banking;Finance & Risk;Scrum;ORACLE;Major Enhancement (25-75% new);57;2,48;32.430;;1;0;;;;1;0;0;0;0;1;0;0;0;0;0;1;1;0;0;0;0;1;0
302;Bank A;"Maintenance and new functionality release on a finance & risk application; fixed and experienced team that releases monthly; steady heartbeat; release-based working mapped on one application; during 2011 / 2012 the delivery method changed from plan-driven to Scrum; APL-B Release 2012-06 (June)";2012;Banking;Finance & Risk;Scrum;ORACLE;Conversion (<5% new);41;2,48;32.850;;1;0;;;;1;0;0;0;0;1;0;0;0;0;0;1;1;0;0;0;0;1;0
300;Bank A;"Maintenance and new functionality release on a finance & risk application; fixed and experienced team that releases monthly; steady heartbeat; release-based working mapped on one application; during 2011 / 2012 the delivery method changed from plan-driven to Scrum; APL-B Release 2012-04 (April)";2012;Banking;Finance & Risk;Scrum;ORACLE;New Development;20;2,48;44.020;;2;0;;;;1;0;0;0;0;1;0;0;0;0;0;1;1;0;0;0;0;1;0
292;Bank A;"Maintenance and new functionality release on a finance & risk application; fixed and experienced team that releases monthly; steady heartbeat; release-based working mapped on one application; during 2011 / 2012 the delivery method changed from plan-driven to Scrum; APL-B Release 2011-08 (August)";2011;Banking;Finance & Risk;Plan-driven;ORACLE;Major Enhancement (25-75% new);52;2,50;49.730;;2;0;;;;1;0;0;0;0;1;0;0;0;0;0;1;1;0;0;0;0;1;0
296;Bank A;"Maintenance and new functionality release on a finance & risk application; fixed and experienced team that releases monthly; steady heartbeat; release-based working mapped on one application; during 2011 / 2012 the delivery method changed from plan-driven to Scrum; APL-B Release 2011-12 (December)";2012;Banking;Finance & Risk;Plan-driven;ORACLE;Minor Enhancement (5-25% new);30;2,48;29.360;;4;0;;;;1;0;0;0;0;1;0;0;0;0;0;1;1;0;0;0;0;1;0
290;Bank A;"Maintenance and new functionality release on a finance & risk application; fixed and experienced team that releases monthly; steady heartbeat; release-based working mapped on one application; during 2011 / 2012 the delivery method changed from plan-driven to Scrum; APL-A Release 2012-07 (July)";2012;Banking;Finance & Risk;Scrum;ORACLE;Major Enhancement (25-75% new);32;2,48;41.140;309;;0;;;;1;0;0;0;0;1;0;0;0;0;0;1;1;0;0;0;0;1;0
279;Bank A;"Maintenance and new functionality release on a finance & risk application; fixed and experienced team that releases monthly; steady heartbeat; release-based working mapped on one application; during 2011 / 2012 the delivery method changed from plan-driven to Scrum; APL-A Release 2011-08 (August)";2011;Banking;Finance & Risk;Plan-driven;ORACLE;New Development;22;2,50;41.790;;;0;;;;1;0;0;0;0;1;0;0;0;0;0;1;1;0;0;0;0;1;0
282;Bank A;"Maintenance and new functionality release on a finance & risk application; fixed and experienced team that releases monthly; steady heartbeat; release-based working mapped on one application; during 2011 / 2012 the delivery method changed from plan-driven to Scrum; APL-A Release 2011-11 (November)";2011;Banking;Finance & Risk;Plan-driven;ORACLE;New Development;31;2,48;41.370;;;0;;;;1;0;0;0;0;1;0;0;0;0;0;1;1;0;0;0;0;1;0
283;Bank A;"Maintenance and new functionality release on a finance & risk application; fixed and experienced team that releases monthly; steady heartbeat; release-based working mapped on one application; during 2011 / 2012 the delivery method changed from plan-driven to Scrum; APL-A Release 2011-12 (December)";2012;Banking;Finance & Risk;Plan-driven;ORACLE;New Development;47;2,48;29.360;;;0;;;;1;0;0;0;0;1;0;0;0;0;0;1;1;0;0;0;0;1;0
284;Bank A;"Maintenance and new functionality release on a finance & risk application; fixed and experienced team that releases monthly; steady heartbeat; release-based working mapped on one application; during 2011 / 2012 the delivery method changed from plan-driven to Scrum; APL-A Release 2012-01 (January)";2012;Banking;Finance & Risk;Scrum;ORACLE;New Development;16;2,54;49.270;;;0;;;;1;0;0;0;0;1;0;0;0;0;0;1;1;0;0;0;0;1;0
287;Bank A;"Maintenance and new functionality release on a finance & risk application; fixed and experienced team that releases monthly; steady heartbeat; release-based working mapped on one application; during 2011 / 2012 the delivery method changed from plan-driven to Scrum; APL-A Release 2012-04 (April)";2012;Banking;Finance & Risk;Scrum;ORACLE;New Development;13;2,48;18.230;;;0;;;;1;0;0;0;0;1;0;0;0;0;0;1;1;0;0;0;0;1;0
291;Bank A;"Maintenance and new functionality release on a finance & risk application; fixed and experienced team that releases monthly; steady heartbeat; release-based working mapped on one application; during 2011 / 2012 the delivery method changed from plan-driven to Scrum; APL-A Release 2012-08 (August)";2012;Banking;Finance & Risk;Scrum;ORACLE;New Development;55;2,50;31.880;;;0;;;;1;0;0;0;0;1;0;0;0;0;0;1;1;0;0;0;0;1;0
293;Bank A;"Maintenance and new functionality release on a finance & risk application; fixed and experienced team that releases monthly; steady heartbeat; release-based working mapped on one application; during 2011 / 2012 the delivery method changed from plan-driven to Scrum; APL-B Release 2011-09 (September)";2011;Banking;Finance & Risk;Plan-driven;ORACLE;Major Enhancement (25-75% new);28;2,48;33.100;;;0;;;;1;0;0;0;0;1;0;0;0;0;0;1;1;0;0;0;0;1;0
285;Bank A;"Maintenance and new functionality release on a finance & risk application; fixed and experienced team that releases monthly; steady heartbeat; release-based working mapped on one application; during 2011 / 2012 the delivery method changed from plan-driven to Scrum; APL-A Release 2012-02 (February)";2012;Banking;Finance & Risk;Scrum;ORACLE;Conversion (<5% new);14;2,48;33.220;;;0;;;;1;0;0;0;0;1;0;0;0;0;0;1;1;0;0;0;0;1;0
289;Bank A;"Maintenance and new functionality release on a finance & risk application; fixed and experienced team that releases monthly; steady heartbeat; release-based working mapped on one application; during 2011 / 2012 the delivery method changed from plan-driven to Scrum; APL-A Release 2012-06 (June)";2012;Banking;Finance & Risk;Scrum;ORACLE;Conversion (<5% new);41;2,48;37.000;;;0;;;;1;0;0;0;0;1;0;0;0;0;0;1;1;0;0;0;0;1;0
298;Bank A;"Maintenance and new functionality release on a finance & risk application; fixed and experienced team that releases monthly; steady heartbeat; release-based working mapped on one application; during 2011 / 2012 the delivery method changed from plan-driven to Scrum; APL-B Release 2012-02 (February)";2012;Banking;Finance & Risk;Scrum;ORACLE;New Development;18;2,48;35.960;;0;1;;;;1;0;0;0;0;1;0;0;0;0;0;1;1;0;0;0;0;1;0
294;Bank A;"Maintenance and new functionality release on a finance & risk application; fixed and experienced team that releases monthly; steady heartbeat; release-based working mapped on one application; during 2011 / 2012 the delivery method changed from plan-driven to Scrum; APL-B Release 2011-10 (October)";2011;Banking;Finance & Risk;Plan-driven;ORACLE;New Development;30;2,50;26.590;;1;1;;;;1;0;0;0;0;1;0;0;0;0;0;1;1;0;0;0;0;1;0
299;Bank A;"Maintenance and new functionality release on a finance & risk application; fixed and experienced team that releases monthly; steady heartbeat; release-based working mapped on one application; during 2011 / 2012 the delivery method changed from plan-driven to Scrum; APL-B Release 2012-03 (March)";2012;Banking;Finance & Risk;Scrum;ORACLE;Major Enhancement (25-75% new);24;2,50;34.820;;2;1;;;;1;0;0;0;0;1;0;0;0;0;0;1;1;0;0;0;0;1;0
414;Beltel;"Release-based on a single application (Divine system, a bad performing CRM legacy system). Satisfied team and customers; best practice performance. Steady heartbeat (go live every 6 weeks), fixed, experienced team; involved users from the CX-department (Customer Experience); Scrum (Product Owner, scrumtool Scrumwise, sprint backlog, however, no formal Scrummaster, no standups, selfsteering team, good communication). Globally distributed team (1 Product Owner, 1 Business Analyst, 1 developer, 1 tester onsite, 2 developers India).CECIL CRM Application 2015 R1";2015;Telecommunications;Client and Account Management;Scrum;;Major Enhancement (25-75% new);46;6,11;49.464;;18;1;;;;1;0;0;0;0;1;0;0;0;0;0;1;1;0;0;0;0;1;0
346;Bank A;"Maintenance, enhancements and new functionality release on an existing payments application; FTP Release 2012 ll";2012;Banking;Payments;Plan-driven;COBOL;New Development;234;7,53;318.000;;26;1;;;;1;0;0;0;0;1;0;0;0;0;0;0;0;0;0;0;0;1;0
263;Bank A;"Maintenance and new functionality release on an existing front office  application; Front Office Application Release 1103 - Scrum 02";2011;Banking;Front Office Solutions;Scrum;JAVA;New Development;236;4,14;351.410;;48;1;;;;1;0;0;0;0;1;0;0;0;0;0;1;1;0;0;0;0;1;0
280;Bank A;"Maintenance and new functionality release on a finance & risk application; fixed and experienced team that releases monthly; steady heartbeat; release-based working mapped on one application; during 2011 / 2012 the delivery method changed from plan-driven to Scrum; APL-A Release 2011-09 (September)";2011;Banking;Finance & Risk;Plan-driven;ORACLE;New Development;26;2,48;41.030;;;1;;;;1;0;0;0;0;1;0;0;0;0;0;1;1;0;0;0;0;1;0
286;Bank A;"Maintenance and new functionality release on a finance & risk application; fixed and experienced team that releases monthly; steady heartbeat; release-based working mapped on one application; during 2011 / 2012 the delivery method changed from plan-driven to Scrum; APL-A Release 2012-03 (March)";2012;Banking;Finance & Risk;Scrum;ORACLE;New Development;21;2,50;30.910;;;1;;;;1;0;0;0;0;1;0;0;0;0;0;1;1;0;0;0;0;1;0
281;Bank A;"Maintenance and new functionality release on a finance & risk application; fixed and experienced team that releases monthly; steady heartbeat; release-based working mapped on one application; during 2011 / 2012 the delivery method changed from plan-driven to Scrum; APL-A Release 2011-10 (October)";2011;Banking;Finance & Risk;Plan-driven;ORACLE;Minor Enhancement (5-25% new);49;2,48;26.590;;;1;;;;1;0;0;0;0;1;0;0;0;0;0;1;1;0;0;0;0;1;0
335;Bank A;"Maintenance and enhancements release on an existing payments application; FTP BPC/ECA Release 2011-1";2011;Banking;Payments;Plan-driven;COBOL;Major Enhancement (25-75% new);146;11,39;535.160;;;3;;;;1;0;0;0;0;1;0;0;0;0;0;0;0;0;0;0;0;1;0
288;Bank A;"Maintenance and new functionality release on a finance & risk application; fixed and experienced team that releases monthly; steady heartbeat; release-based working mapped on one application; during 2011 / 2012 the delivery method changed from plan-driven to Scrum; APL-A Release 2012-05 (May)";2012;Banking;Finance & Risk;Scrum;ORACLE;Major Enhancement (25-75% new);48;2,50;40.530;;;3;;;;1;0;0;0;0;1;0;0;0;0;0;1;1;0;0;0;0;1;0
347;Bank A;"Maintenance and enhancements release on an existing payments application; SDP Release 2012-02";2012;Banking;Payments;Plan-driven;COBOL;Minor Enhancement (5-25% new);261;8,09;551.630;;35;4;;;;1;0;0;0;0;1;0;0;0;0;0;0;0;0;1;0;0;1;0
254;Bank A;"Maintenance and new functionality release on an existing callcenter application; Front Office Application 2.0 RD Mail Functionality";2011;Banking;Data Warehouse & BI;Scrum;JAVA;Major Enhancement (25-75% new);309;4,52;138.430;;24;6;;;;1;0;0;0;0;1;0;0;0;0;0;1;1;0;0;0;0;1;0
340;Bank A;"New functionality and enhancements project on an existing payments package application (xxx); update and maintenance of a customized package solution by a German supplier; many problems with external supplier (high number of defects, bad communication); part of a (phased) program; xxx Package Updates Release 7.2";2011;Banking;Payments;Plan-driven;COBOL;New Development;873;16,84;4.827.000;;388;35;;;;1;0;0;0;0;1;0;1;0;0;1;0;0;1;1;0;0;1;0
341;Bank A;"New functionality and enhancements project on an existing payments package application (xxx); update and maintenance of a customized package solution by a German supplier; many problems with external supplier (high number of defects, bad communication); part of a (phased) program; xxx Package Updates Release 7.3";2012;Banking;Payments;Plan-driven;COBOL;New Development;119;21,18;972.380;;576;60;;;;1;0;0;0;0;1;0;1;0;0;1;0;0;1;1;0;0;1;0
362;Beltel;"Maintenance and enhancements release on an existing CRM application (Divine); fixed, and experienced team; steady (monthly) heartbeat; Scrum; build and test performed by Indian supplier with strategic outsourcing agreement with Beltel; projectteam with members in Belgium and India; CECIL CRM Application Release 4";2014;Telecommunications;Client and Account Management;Scrum;;New Development;37;2,76;30.367;;2;;;;;1;0;0;0;0;1;0;0;0;0;0;1;1;0;0;0;0;1;0
277;Bank A;"Maintenance and enhancements project on an existing internet application; sharpening WW demands";2011;Banking;Internet & Mobile;Scrum;JAVA;Minor Enhancement (5-25% new);55;4,20;223.780;;2;;;;;1;0;0;0;0;1;0;0;1;0;0;0;0;0;0;1;0;0;0
374;Beltel;"Release-based on a single application (Divine system, a bad performing CRM legacy system). Satisfied team and customers; best practice performance. Steady heartbeat (go live every 6 weeks), fixed, experienced team; involved users from the CX-department (Customer Experience); Scrum (Product Owner, scrumtool Scrumwise, sprint backlog, however, no formal Scrummaster, no standups, selfsteering team, good communication). Globally distributed team (1 Product Owner, 1 Business Analyst, 1 developer, 1 tester onsite, 2 developers India).CECIL Release 6";2014;Telecommunications;Client and Account Management;Scrum;;New Development;64;4,60;45.769;;5;;;;;1;0;0;0;0;1;0;0;0;0;0;1;1;0;0;0;0;1;0
121;Bank B;EDV (Extended Duration Treasury Vanguard) Maintenance;2010;Banking;Savings & Loans;Plan-driven;Visual Basic;Major Enhancement (25-75% new);27;3,00;85.422;;5;;;;;1;0;0;0;0;1;0;0;0;0;0;0;0;0;0;0;0;0;0
118;Bank B;Maintenance and new functionality release on one application Maintenance DPF 2011 2011.4;2011;Banking;Finance & Risk;Plan-driven;.NET;New Development;70;2,82;73.222;;6;;;;;1;0;0;0;0;1;0;0;0;0;0;0;0;0;0;0;0;0;0
89;Bank B;Release Management Syfact 3.0.5a;2010;Banking;Organization;Plan-driven;JAVA;New Development;52;4,75;95.722;;6;;;;;1;0;0;0;0;1;0;0;0;0;0;0;0;0;0;0;0;0;0
122;Bank B;Procurius (Dividend Policy) Release 4.2 2011;2011;Banking;Organization;Plan-driven;.NET;Minor Enhancement (5-25% new);60;2,70;70.389;;6;;;;;1;0;0;0;0;1;0;0;0;0;0;0;0;0;0;0;0;1;0
270;Bank A;"New functionality project on an existing mobile app application; Payments via Ideal on Mobile App";2011;Banking;Internet & Mobile;Scrum;JAVA;New Development;36;5,42;222.230;;7;;;;;1;0;0;0;0;1;0;0;0;0;0;0;1;0;0;0;0;1;0
377;Beltel;"Maintenance and enhancements release on an existing CRM application (Divine); fixed, and experienced team; steady (monthly) heartbeat; Scrum; build and test performed by Indian supplier with strategic outsourcing agreement with Beltel; projectteam with members in Belgium and India; CECIL CRM Application 2015: Sub-WP for R2 2015";2014;Telecommunications;Client and Account Management;Scrum;;New Development;109;7,43;62.768;;7;;;;;1;0;0;0;0;1;0;0;0;0;0;1;1;0;0;0;0;1;0
379;Beltel;"Release-based on a single application (Divine system, a bad performing CRM legacy system). Satisfied team and customers; best practice performance. Steady heartbeat (go live every 6 weeks), fixed, experienced team; involved users from the CX-department (Customer Experience); Scrum (Product Owner, scrumtool Scrumwise, sprint backlog, however, no formal Scrummaster, no standups, selfsteering team, good communication). Globally distributed team (1 Product Owner, 1 Business Analyst, 1 developer, 1 tester onsite, 2 developers India).CECIL CRM Application Release 8";2014;Telecommunications;Client and Account Management;Scrum;;New Development;40;7,56;58.154;;7;;;;;1;0;0;0;0;1;0;0;0;0;0;1;1;0;0;0;0;1;0
88;Bank B;Release Management Syfact 3.0.5b;2010;Banking;Organization;Plan-driven;C++;New Development;64;2,81;138.433;;8;;;;;1;0;0;0;0;1;0;0;0;0;0;0;0;0;0;0;0;0;0
381;Beltel;"Release-based on a single application (Divine system, a bad performing CRM legacy system). Satisfied team and customers; best practice performance. Steady heartbeat (go live every 6 weeks), fixed, experienced team; involved users from the CX-department (Customer Experience); Scrum (Product Owner, scrumtool Scrumwise, sprint backlog, however, no formal Scrummaster, no standups, selfsteering team, good communication). Globally distributed team (1 Product Owner, 1 Business Analyst, 1 developer, 1 tester onsite, 2 developers India).CECIL CRM Application Release 7";2014;Telecommunications;Client and Account Management;Scrum;;New Development;80;5,49;73.134;;8;;;;;1;0;0;0;0;1;0;0;0;0;0;1;1;0;0;0;0;1;0
119;Bank B;Maestro RFC Release Q2;2011;Banking;Organization;Plan-driven;.NET;New Development;577;5,63;651.467;;9;;;;;1;0;0;0;0;1;0;0;0;0;0;0;0;0;0;0;0;1;0
150;Bank A;Small enhancement an an exsiting Front Office Application;2010;Banking;Front Office Solutions;Plan-driven;.NET;New Development;10;7,76;358.180;;10;;;;;1;0;0;0;0;1;0;0;0;0;0;1;1;0;0;0;0;1;0
238;Bank A;"Maintenance release on an existing savings application; Bank Savings Release 2A";2011;Banking;Savings & Loans;Plan-driven;JAVA;New Development;73;9,85;298.790;;11;;;;;1;0;0;0;0;1;0;0;0;0;0;0;0;0;0;0;1;0;0
106;Bank B;Internet Banking Website Release 9.2;2010;Banking;Organization;Plan-driven;.NET;Minor Enhancement (5-25% new);91;6,34;232.100;;11;;;;;1;0;0;0;0;1;0;0;0;0;0;0;0;0;0;0;0;1;0
87;Bank B;Release Management Syfact 3.0.5.d;2011;Banking;Organization;Plan-driven;JAVA;Major Enhancement (25-75% new);96;6,00;207.467;;11;;;;;1;0;0;0;0;1;0;0;0;0;0;0;0;0;0;0;0;0;0
382;Beltel;"Maintenance and enhancements release on an existing CRM application (Divine); fixed, and experienced team; steady (monthly) heartbeat; Scrum; build and test performed by Indian supplier with strategic outsourcing agreement with Beltel; projectteam with members in Belgium and India; CECIL CRM Application Release 3";2014;Telecommunications;Client and Account Management;Scrum;;Major Enhancement (25-75% new);111;3,12;56.345;;11;;;;;1;0;0;0;0;1;0;0;0;0;0;1;1;0;0;0;0;1;0
114;Bank B;EDV (Extended Duration Treasury Vanguard) Management Information;2011;Banking;Savings & Loans;Scrum;.NET;New Development;175;4,81;183.544;786;12;;;;;1;0;0;0;0;1;0;0;0;0;0;0;0;0;0;0;0;0;0
247;Bank A;"Maintenance and new functionality release on an existing front office application; Looking Glass Front Office Application Release 11.3";2011;Banking;Front Office Solutions;Scrum;JAVA;Minor Enhancement (5-25% new);164;6,33;440.490;;14;;;;;1;0;0;0;0;1;0;0;0;0;0;1;1;0;0;0;0;1;0
446;DutchCo;"Large release of a medium sized Billing software provider; maintenance, enhancements and new functionality release on an existing Billing application; projectteam with members in the Netherlands and India; India team is provided by a Dutch based IT supplier (build and test only); 4 x per year a release is deployed to production; DutchCo Release 5.1 - AM (asset management module)";2015;Billing;Data Warehouse & BI;Scrum;;Minor Enhancement (5-25% new);335;3,78;125.827;;15;;;;;1;0;0;0;0;1;0;0;0;0;0;1;1;0;0;0;0;1;0
423;Beltel;"Release-based on a single application (Divine system, a bad performing CRM legacy system). Satisfied team and customers; best practice performance. Steady heartbeat (go live every 6 weeks), fixed, experienced team; involved users from the CX-department (Customer Experience); Scrum (Product Owner, scrumtool Scrumwise, sprint backlog, however, no formal Scrummaster, no standups, selfsteering team, good communication). Globally distributed team (1 Product Owner, 1 Business Analyst, 1 developer, 1 tester onsite, 2 developers India).Project 3.3 in Elsevier Information and Software Technology         https://doi.org/10.1016/j.infsof.2017.04.008";2015;Telecommunications;Client and Account Management;Scrum;;New Development;128;8,81;62.964;;16;;;;;1;0;0;0;0;1;0;0;0;0;0;1;1;0;0;0;0;1;0
384;Beltel;"New functionality and enhancements project on an existing mobile app; fixed price based on pre-project proposal; build and test performed by Indian supplier with strategic outsourcing agreement with Beltel; projectteam with members in Belgium and India; Mobile App Phase 1 (v1.3): new features and enhancements";2014;Telecommunications;Internet & Mobile;Plan-driven;;Major Enhancement (25-75% new);89;9,37;60.000;;16;;;;;1;0;0;0;0;1;0;0;0;0;0;0;0;0;0;0;0;1;0
354;Beltel;"Maintenance and enhancements project on an existing CRM application; fixed price based on pre-project proposal; build and test performed by Indian supplier with strategic outsourcing agreement with Beltel; projectteam with members in Belgium and India; CRM Application Sales Order Tracking";2013;Telecommunications;Client and Account Management;Plan-driven;;Major Enhancement (25-75% new);110;11,67;388.000;;18;;;;;1;0;0;0;1;0;0;0;0;0;0;0;0;0;0;0;0;1;0
344;Bank A;"Maintenance and enhancements release on an existing payments application; SDP Release 2011-01";2012;Banking;Payments;Plan-driven;COBOL;Minor Enhancement (5-25% new);238;6,61;420.760;;20;;;;;1;0;0;0;0;1;0;0;0;0;0;0;0;0;1;0;0;1;0
196;Bank A;"Maintenance release on an callcenter application; 11.2 Problem Release 2010 ";2011;Banking;Call Center Solutions;Plan-driven;JAVA;New Development;141;10,86;321.000;;22;;;;;1;0;0;0;0;1;0;0;0;0;0;0;0;0;0;1;0;0;0
123;Bank B;Procurius (Dividend Policy) Release 4.1 2011;2011;Banking;Organization;Plan-driven;.NET;Minor Enhancement (5-25% new);377;3,17;278.089;;22;;;;;1;0;0;0;0;1;0;0;0;0;0;0;0;0;0;0;0;1;0
272;Bank A;"Maintenance and new functionality release on an existing callcenter application; Callcenter AOS 12.2";2011;Banking;Call Center Solutions;Scrum;JAVA;Conversion (<5% new);85;8,41;271.380;71;25;;;;;1;0;0;0;0;1;0;0;0;0;0;0;0;0;0;0;0;1;0
206;Bank A;"Maintenance and new functionality project on an existing data warehouse application; Release 8A";2010;Banking;Data Warehouse & BI;Plan-driven;JAVA;Major Enhancement (25-75% new);158;6,67;139.360;;25;;;;;1;0;0;0;0;1;0;0;0;0;1;0;1;0;0;0;0;1;0
248;Bank A;"Maintenance and new functionality release on an existing front office application; Front Office Application Release 1103 - Scrum 01";2011;Banking;Front Office Solutions;Scrum;JAVA;Major Enhancement (25-75% new);189;7,67;389.720;;27;;;;;1;0;0;0;0;1;0;0;0;0;0;1;1;0;0;0;0;1;0
86;Bank B;Release Management Syfact 5.0.0.6;2010;Banking;Organization;Plan-driven;PL/1;New Development;157;8,29;753.678;;28;;;;;1;0;0;0;0;1;0;0;0;0;0;0;0;0;0;0;0;0;0
193;Bank A;"Maintenance and new functionality release on an existing front office application; Looking Glass Front Office Application Plateau 0 (Release 10.1)";2010;Banking;Front Office Solutions;Plan-driven;JAVA;New Development;322;9,70;955.550;;29;;;;;1;0;0;0;0;1;0;0;0;0;0;1;1;0;0;0;0;1;0
190;Bank A;"Maintenance and new functionality release on an existing front office application; Front Office Application; Jazz Release";2010;Banking;Front Office Solutions;Plan-driven;JAVA;Major Enhancement (25-75% new);354;8,11;703.910;;30;;;;;1;0;0;0;0;1;0;0;0;0;0;1;1;0;0;0;0;1;0
418;Beltel;"New functionality and enhancements project on an existing data warehouse application; fixed price based on pre-project proposal; build and test performed by Indian supplier with strategic outsourcing agreement with Beltel; projectteam with members in Belgium; Data Warehouse Minor Release 3";2015;Telecommunications;Data Warehouse & BI;Plan-driven;;Minor Enhancement (5-25% new);127;7,07;98.133;;36;;;;;1;0;0;0;1;0;0;0;0;0;0;0;0;0;0;0;0;1;0
65;Bank B;HTC Release 9.0;2010;Banking;Finance & Risk;Plan-driven;POWERBUILDER;Major Enhancement (25-75% new);416;6,90;815.589;;36;;;;;1;0;0;0;0;1;0;0;0;0;0;0;0;0;0;0;0;0;0
261;Bank A;"New functionality release on an existing mobile app; part of a phased program; Mobile Banking App Release 2";2011;Banking;Internet & Mobile;Scrum;JAVA;New Development;150;3,27;453.870;;41;;;;;1;0;0;0;0;1;0;0;0;0;0;1;1;0;0;0;0;1;0
342;Bank A;"Maintenance and enhancements release on an existing payments application; Release 2012.1 Online (Channel Application)";2012;Banking;Internet & Mobile;Plan-driven;JAVA;New Development;130;2,94;287.030;;42;;;;;1;0;0;0;0;1;0;0;0;0;0;0;0;0;0;0;0;1;0
274;Bank A;"New functionality and enhancements project on an existing internet application; Activation Code to Customer";2011;Banking;Internet & Mobile;Scrum;JAVA;Minor Enhancement (5-25% new);172;8,18;430.010;;44;;;;;1;0;0;0;0;1;0;0;1;0;0;0;0;0;0;1;0;0;0
231;Bank A;"Maintenance and new functionality release on an existing front office / data warehouse application; Front Office Application 2.0 Mail Functionality";2011;Banking;Data Warehouse & BI;Scrum;PL/SQL;Minor Enhancement (5-25% new);201;4,65;163.380;;50;;;;;1;0;0;0;0;1;0;0;0;0;0;1;1;0;0;0;0;1;0
192;Bank A;"Maintenance and new functionality release on an existing front office application; Front Office Application;  Release 1101";2011;Banking;Front Office Solutions;Plan-driven;JAVA;Major Enhancement (25-75% new);450;10,58;1.261.000;;55;;;;;1;0;0;0;0;1;0;0;0;0;0;1;1;0;0;0;0;1;0
276;Bank A;"Maintenance and new functionality release on an existing callcenter application; Front Office Application Release E";2011;Banking;Call Center Solutions;Scrum;JAVA;Minor Enhancement (5-25% new);846;7,97;869.660;;60;;;;;1;0;0;0;0;1;0;0;0;0;0;1;0;0;0;0;0;1;0
189;Bank A;"Maintenance and new functionality release on an existing front office application; Front Office Application; Release R7";2011;Banking;Front Office Solutions;Plan-driven;JAVA;New Development;397;8,54;786.170;;61;;;;;1;0;0;0;0;1;0;0;0;0;0;1;1;0;0;0;0;1;0
233;Bank A;"Maintenance and new functionality project on an existing front office application; Looking Glass Front Office Application Release 11.2";2011;Banking;Front Office Solutions;Scrum;JAVA;New Development;158;6,42;638.240;;71;;;;;1;0;0;0;0;1;0;0;0;0;0;1;1;0;0;0;0;1;0
201;Bank A;"Maintenance and new functionality release on an existing callcenter application; Front Office Application 2.0_R0";2010;Banking;Call Center Solutions;Plan-driven;JAVA;Minor Enhancement (5-25% new);654;9,80;1.628.080;;73;;;;;1;0;0;0;0;1;0;0;0;0;0;1;1;0;0;0;0;1;0
220;Bank A;"Maintenance and new functionality release on an existing client and account management application; Procuration Release (W2 Customer Information Management)";2011;Banking;Client and Account Management;Plan-driven;JAVA;New Development;150;8,24;463.740;;88;;;;;1;0;0;0;0;0;0;0;0;0;0;0;0;0;0;1;0;0;0
447;DutchCo;"Large release of a medium sized Billing software provider; maintenance, enhancements and new functionality release on an existing Billing application; projectteam with members in the Netherlands and India; India team is provided by a Dutch based IT supplier (build and test only); 4 x per year a release is deployed to production; DutchCo Release 5.1 - POR (reporting module)";2015;Billing;Data Warehouse & BI;Scrum;;Minor Enhancement (5-25% new);277;10,29;214.111;;99;;;;;1;0;0;0;0;1;0;0;0;0;0;1;1;0;0;0;0;1;0
204;Bank A;"Maintenance and new functionality release on an existing callcenter application; Front Office Application 2.0_RA";2010;Banking;Call Center Solutions;Plan-driven;JAVA;Minor Enhancement (5-25% new);350;9,96;810.920;;110;;;;;1;0;0;0;0;1;0;0;0;0;0;1;1;0;0;0;0;1;0
17;Bank B;Maestro Release Buenos Aires (GICT) M;2010;Banking;Organization;Plan-driven;MAESTRO;New Development;1281;7,00;2.582.689;;113;;;;;1;0;0;0;0;1;0;0;0;0;0;0;0;0;0;0;0;1;0
273;Bank A;"Maintenance and new functionality project on an existing internet application; ITM Internet Banking Functionality";2011;Banking;Internet & Mobile;Plan-driven;JAVA;New Development;215;13,97;551.483;;130;;;;;1;0;0;0;0;1;0;0;0;0;0;0;0;0;0;0;0;0;0
252;Bank A;"Maintenance and new functionality release on an existing callcenter application; Front Office Application 2.0 RD";2011;Banking;Call Center Solutions;Plan-driven;JAVA;Major Enhancement (25-75% new);152;6,45;559.550;;132;;;;;1;0;0;0;0;1;0;0;0;0;0;1;1;0;0;0;0;1;0
255;Bank A;"Maintenance and new functionality project on an existing callcenter application; part of a large customer migration program; Callcenter AOS 12.1 Business Strategy and Private Banking";2011;Banking;Call Center Solutions;Scrum;JAVA;New Development;166;8,34;353.180;;133;;;;;1;0;0;0;0;1;0;0;0;0;0;0;0;0;0;0;0;1;0
29;Bank B;Maintenance release on one application;2008;Banking;Client and Account Management;Plan-driven;COBOL;Major Enhancement (25-75% new);71;4,74;814.030;;137;;;;;1;0;0;0;0;1;0;0;0;0;0;0;0;0;0;0;0;0;0
245;Bank A;"Maintenance and new functionality release on an existing callcenter application; Front Office Application 2.0";2011;Banking;Call Center Solutions;Plan-driven;JAVA;Minor Enhancement (5-25% new);215;4,74;586.830;;156;;;;;1;0;0;0;0;1;0;0;0;0;0;1;1;0;0;0;0;1;0
202;Bank A;"Maintenance and new functionality release on an existing callcenter application; Front Office Application 2.0_RA";2010;Banking;Call Center Solutions;Plan-driven;JAVA;Minor Enhancement (5-25% new);2240;11,36;2.249.310;;160;;;;;1;0;0;0;0;1;0;0;0;0;0;1;1;0;0;0;0;1;0
19;Bank B;Maintenance release on one application;2008;Banking;Client and Account Management;Plan-driven;COBOL;New Development;477;6,12;1.253.250;;162;;;;;1;0;0;0;0;0;0;0;0;0;0;0;0;0;0;0;0;0;0
492;DutchCo;"Large release of a medium sized Billing software provider; maintenance, enhancements and new functionality release on an existing Billing application; projectteam with members in the Netherlands and India; India team is provided by a Dutch based IT supplier (build and test only); 4 x per year a release is deployed to production; DutchCo Release 5.3 - BK (this release was fully dedicated to one customer)";2015;Billing;Data Warehouse & BI;Scrum;;Minor Enhancement (5-25% new);1261;8,81;896.788;;163;;;;;1;0;0;0;0;1;0;0;0;0;0;1;1;0;0;0;0;1;0
239;Bank A;"Maintenance and new functionality project on an existing internet application; VIA M&SS - Release 1";2011;Banking;Data Warehouse & BI;Plan-driven;JAVA;Minor Enhancement (5-25% new);645;10,83;682.750;;166;;;;;1;0;0;0;0;1;0;0;0;0;0;0;1;0;0;0;0;1;0
259;Bank A;"Maintenance and new functionality release on an existing mortgages application; BSH 2B Mortgages";2011;Banking;Mortgages;Scrum;JAVA;Conversion (<5% new);523;15,89;1.044.000;2.112;191;;;;;1;0;0;0;1;0;0;0;0;0;0;0;0;0;0;0;0;1;0
249;Bank A;"Maintenance and new functionality release on an existing callcenter application; Front Office Application 2.0 RC";2011;Banking;Call Center Solutions;Plan-driven;JAVA;Minor Enhancement (5-25% new);971;7,97;2.193.930;;231;;;;;1;0;0;0;0;1;0;0;0;0;0;1;1;0;0;0;0;1;0
203;Bank A;"Maintenance and new functionality release on an existing callcenter application; Front Office Application 2.0_RB";2010;Banking;Call Center Solutions;Plan-driven;JAVA;Minor Enhancement (5-25% new);732;7,62;2.129.450;;358;;;;;1;0;0;0;0;1;0;0;0;0;0;1;1;0;0;0;0;1;0
491;DutchCo;"Large release of a medium sized Billing software provider; maintenance, enhancements and new functionality release on an existing Billing application; projectteam with members in the Netherlands and India; India team is provided by a Dutch based IT supplier (build and test only); 4 x per year a release is deployed to production; DutchCo Release 5.2";2015;Billing;Data Warehouse & BI;Scrum;;Minor Enhancement (5-25% new);1233;6,61;814.861;;386;;;;;1;0;0;0;0;1;0;0;0;0;0;1;1;0;0;0;0;1;0
250;Bank A;"Maintenance and new functionality release on an existing callcenter application; Front Office Application 2.0 RD";2011;Banking;Call Center Solutions;Plan-driven;JAVA;Minor Enhancement (5-25% new);1399;5,10;1.893.320;;409;;;;;1;0;0;0;0;1;0;0;0;0;0;1;1;0;0;0;0;1;0
216;Bank A;"New functionality on a new Mobile Banking App; part of a number of Scrum iterations; Release 1";2011;Banking;Internet & Mobile;Scrum;JAVA;Major Enhancement (25-75% new);650;9,49;1.800.000;;498;;;;;1;0;0;0;0;1;0;0;0;0;0;0;1;0;0;1;0;1;0
339;Bank A;"New functionality and enhancements project on an existing payments package application (xxx); update and maintenance of a customized package solution by a German supplier; many problems with external supplier (high number of defects, bad communication); part of a (phased) program; xxx Package Updates Release 7";2011;Banking;Payments;Plan-driven;COBOL;Major Enhancement (25-75% new);756;14,95;4.075.000;;1.448;;;;;1;0;0;0;0;1;0;1;0;0;1;0;0;1;1;0;0;1;0
117;Bank B;Maintenance and new functionality release on one application Maintenance DPF 2011 2011.5;2011;Banking;Finance & Risk;Scrum;.NET;New Development;14;7,53;77.689;97;;;;;;1;0;0;0;0;1;0;0;0;0;0;0;0;0;0;0;0;0;0
37;Bank B;Maintenance Internet Website 2009.Q3;2009;Banking;Internet & Mobile;Plan-driven;.NET;New Development;46;10,26;93.410;;;;;;;1;0;0;0;0;0;0;0;0;0;0;0;0;0;0;1;0;0;0
39;Bank B;Maintenance Internet Website 2009.Q1;2009;Banking;Internet & Mobile;Plan-driven;.NET;New Development;70;3,68;176.433;;;;;;;1;0;0;0;0;0;0;0;0;0;0;0;0;0;0;1;0;0;0
70;Bank B;Procurius (Dividend Policy) Release 3.1;2010;Banking;Organization;Plan-driven;.NET;New Development;233;9,71;405.679;;;;;;;1;0;0;0;0;1;0;0;0;0;0;0;0;0;0;0;0;0;0
71;Bank B;Procurius (Dividend Policy) Release 3.3;2010;Banking;Organization;Plan-driven;.NET;New Development;144;5,10;429.333;;;;;;;1;0;0;0;0;1;0;0;0;0;0;0;0;0;0;0;0;0;0
83;Bank B;Maintenance and new functionality release 2.0 on one application;2010;Banking;Finance & Risk;Plan-driven;.NET;New Development;701;11,52;924.155;;;;;;;1;0;0;0;0;1;0;0;0;0;0;0;0;0;0;0;0;0;0
103;Bank B;Maintenance and new functionality release on one application BBI Realization 2.3;2011;Banking;Finance & Risk;Scrum;.NET;New Development;499;8,22;528.177;;;;;;;1;0;0;0;0;1;0;0;0;0;0;0;0;0;0;0;0;0;0
104;Bank B;Maintenance and new functionality release on one application BBI Realization 2.2;2011;Banking;Finance & Risk;Scrum;.NET;New Development;679;10,22;987.600;;;;;;;1;0;0;0;0;1;0;0;0;0;0;0;0;0;0;0;0;0;0
112;Bank B;BML Proces Management 2011 (summer Release);2011;Banking;Organization;Plan-driven;.NET;New Development;158;5,37;278.222;;;;;;;1;0;0;0;0;1;0;0;0;0;0;0;0;0;0;0;0;0;0
116;Bank B;Maintenance and new functionality release on one application Maintenance DPF 2011.2 ;2011;Banking;Finance & Risk;Plan-driven;.NET;New Development;13;4,30;139.434;;;;;;;1;0;0;0;0;1;0;0;0;0;0;0;0;0;0;0;0;0;0
177;Bank A;"Maintenance and new functionality release on an existing mortgage application; Bank Savings Acoount Mortgage Long Term - Release 1";2009;Banking;Mortgages;Plan-driven;3GL;New Development;257;18,67;1.248.178;;;;;;;1;0;0;0;0;1;0;0;0;0;0;0;0;0;0;0;0;1;0
48;Bank B;OH Silo ORCA - ARC200902;2009;Banking;Payments;Plan-driven;COBOL;New Development;9;7,07;60.078;;;;;;;1;0;0;0;0;1;0;0;0;0;0;0;0;0;0;0;0;0;0
49;Bank B;OH Silo ORCA - CBC200901;2009;Banking;Payments;Plan-driven;COBOL;New Development;13;5,94;62.444;;;;;;;1;0;0;0;0;1;0;0;0;0;0;0;0;0;0;0;0;0;0
50;Bank B;OH Silo ORCA - BOB200902;2009;Banking;Payments;Plan-driven;COBOL;New Development;15;8,06;41.167;;;;;;;1;0;0;0;0;1;0;0;0;0;0;0;0;0;0;0;0;0;0
212;Bank A;"Maintenance and new functionality release on an existing front office application; Front Office Application Release June 2010";2010;Banking;Front Office Solutions;Plan-driven;JAVA;New Development;40;8,07;126.310;;;;;;;1;0;0;0;0;1;0;0;0;0;0;1;1;0;0;0;0;1;0
213;Bank A;"Maintenance and new functionality release on an existing front office application; Looking Glass Plateau 0 (Release 10.1)";2011;Banking;Front Office Solutions;Plan-driven;JAVA;New Development;113;8,45;337.730;;;;;;;1;0;0;0;0;1;0;0;0;0;0;1;1;0;0;0;0;1;0
16;Bank B;Maestro Release 7.1;2009;Banking;Organization;Plan-driven;MAESTRO;New Development;316;10,28;1.603.622;;;;;;;1;0;0;0;0;1;0;0;0;0;0;0;0;0;0;0;0;1;0
12;Bank B;Maintenance release on one application;2008;Banking;Finance & Risk;Plan-driven;POWERBUILDER;New Development;784;5,43;923.750;;;;;;;1;0;0;0;0;1;0;0;0;0;0;0;0;0;0;0;0;0;0
35;Bank B;HTC Release 7.2 2008-2009;2009;Banking;Finance & Risk;Plan-driven;POWERBUILDER;New Development;330;7,56;903.250;;;;;;;1;0;0;0;0;1;0;0;0;0;0;0;0;0;0;0;0;0;0
62;Bank B;EDV (Extended Duration Treasury Vanguard) Q1 2010 Release;2010;Banking;Savings & Loans;Plan-driven;PRISMA;New Development;188;9,06;1.130.377;;;;;;;1;0;0;0;0;1;0;0;0;0;0;0;0;0;0;0;0;0;0
99;Bank B;EDV (Extended Duration Treasury Vanguard) Q4 2010;2010;Banking;Savings & Loans;Plan-driven;PRISMA;New Development;151;5,83;1.032.889;;;;;;;1;0;0;0;0;1;0;0;0;0;0;0;0;0;0;0;0;0;0
153;Bank A;"Maintenance and new functionality release on an existing Front Office Application; release R5";2008;Banking;Front Office Solutions;Plan-driven;RPG;New Development;399;8,06;2.498.066;;;;;;;1;0;0;0;0;1;0;0;0;0;0;0;0;0;0;0;0;1;0
14;Bank B;(PCK) Plan Releases;2008;Banking;Organization;Plan-driven;Visual Basic;New Development;248;7,95;389.130;;;;;;;1;0;0;0;0;1;0;0;0;0;0;0;0;0;0;0;0;0;0
373;Beltel;"New functionality and enhancements project on an existing data warehouse application; fixed price based on pre-project proposal; build and test performed by Indian supplier with strategic outsourcing agreement with Beltel; projectteam with members in Belgium and India; Data Warehouse Release 4M";2014;Telecommunications;Data Warehouse & BI;Plan-driven;;New Development;143;7,07;57.618;;;;;;;1;0;0;0;1;0;0;0;0;0;0;0;0;0;0;0;0;1;0
58;Bank B;ROH Release 5 ;2009;Banking;Finance & Risk;Plan-driven;.NET;Minor Enhancement (5-25% new);65;9,39;314.644;;;;;;;1;0;0;0;0;1;0;0;0;0;0;0;0;0;0;0;0;0;0
84;Bank B;Maintenance and new functionality release 2.1 on one application;2011;Banking;Finance & Risk;Plan-driven;.NET;Minor Enhancement (5-25% new);1346;6,93;833.700;;;;;;;1;0;0;0;0;1;0;0;0;0;0;0;0;0;0;0;0;0;0
173;Bank A;"Maintenance and new functionality release on an existing front office application; Front Office Application R17";2009;Banking;Call Center Solutions;Plan-driven;.NET;Minor Enhancement (5-25% new);113;4,21;235.122;;;;;;;1;0;0;0;0;1;0;0;0;0;0;0;1;0;0;0;0;1;0
9;Bank B;COF 09.01 release;2009;Banking;Payments;Plan-driven;COBOL;Minor Enhancement (5-25% new);48;6,26;329.380;;;;;;;1;0;0;0;0;1;0;0;0;0;0;0;0;0;0;0;0;0;0
34;Bank B;RIB/RT Realisation Release 8.90;2009;Banking;Client and Account Management;Plan-driven;COBOL;Minor Enhancement (5-25% new);252;10,87;2.772.434;;;;;;;1;0;0;0;0;1;0;0;0;0;0;0;0;0;0;0;0;0;0
146;Bank A;"New functionality and maintenance release on existing Front Office Application; Release 18";2010;Banking;Call Center Solutions;Plan-driven;JAVA;Minor Enhancement (5-25% new);159;4,23;283.070;;;;;;;1;0;0;0;0;1;0;0;0;0;0;0;1;0;0;0;1;1;0
241;Bank A;"Maintenance and new functionality release on an existing mortgages application; Bank Savings Long Term Release 2a Mortgages";2011;Banking;Mortgages;Plan-driven;JAVA;Minor Enhancement (5-25% new);288;10,68;1.314.120;;;;;;;1;0;0;0;0;1;0;0;0;0;0;0;0;0;0;0;1;0;0
91;Bank B;Extended Duration Treasury Vanguard Q2 Release;2010;Banking;Savings & Loans;Plan-driven;PRISMA;Minor Enhancement (5-25% new);742;9,25;2.185.001;;;;;;;1;0;0;0;0;1;0;0;0;0;0;0;0;0;0;0;0;0;0
38;Bank B;Maintenance Internet Website 2009.Q2;2009;Banking;Internet & Mobile;Plan-driven;.NET;Major Enhancement (25-75% new);51;4,88;240.755;;;;;;;1;0;0;0;0;0;0;0;0;0;0;0;0;0;0;1;0;0;0
66;Bank B;Maintenance DPF 2010-Release 2010.4;2010;Banking;Finance & Risk;Plan-driven;.NET;Major Enhancement (25-75% new);60;2,26;96.555;;;;;;;1;0;0;0;0;1;0;0;0;0;0;0;0;0;0;1;0;0;0
68;Bank B;Procurius (Dividend Policy) Release 3.2;2010;Banking;Organization;Plan-driven;.NET;Major Enhancement (25-75% new);224;5,91;255.067;;;;;;;1;0;0;0;0;1;0;0;0;0;0;0;0;0;0;0;0;0;0
69;Bank B;Procurius (Dividend Policy) Release 3.0;2010;Banking;Organization;Plan-driven;.NET;Major Enhancement (25-75% new);34;4,48;64.478;;;;;;;1;0;0;0;0;1;0;0;0;0;0;0;0;0;0;0;0;0;0
28;Bank B;Maintenance release on one application;2009;Banking;Payments;Plan-driven;COBOL;Major Enhancement (25-75% new);43;4,65;417.380;;;;;;;1;0;0;0;0;1;0;0;0;0;0;0;0;0;0;0;0;0;0
44;Bank B;COF 09.02 Release;2009;Banking;Payments;Plan-driven;COBOL;Major Enhancement (25-75% new);48;4,33;381.250;;;;;;;1;0;0;0;0;1;0;0;0;0;0;0;0;0;0;0;0;0;0
45;Bank B;OH Silo ORCA - CROS200901;2009;Banking;Payments;Plan-driven;COBOL;Major Enhancement (25-75% new);60;5,40;348.889;;;;;;;1;0;0;0;0;1;0;0;0;0;0;0;0;0;0;0;0;0;0
46;Bank B;OH Silo ORCA - CROS200904;2009;Banking;Payments;Plan-driven;COBOL;Major Enhancement (25-75% new);122;8,38;308.444;;;;;;;1;0;0;0;0;1;0;0;0;0;0;0;0;0;0;0;0;0;0
63;Bank B;HTC Release 9.0 - Printnet;2010;Banking;Finance & Risk;Plan-driven;JAVA;Major Enhancement (25-75% new);95;7,95;393.055;;;;;;;1;0;0;0;0;1;0;0;0;0;0;0;0;0;0;1;0;0;0
81;Bank B;Build a new Mobile Banking App;2011;Banking;Internet & Mobile;Scrum;JAVA;Major Enhancement (25-75% new);1067;19,00;2.272.411;;;;;;;1;0;0;0;0;1;0;0;0;0;0;0;0;0;0;0;0;1;0
85;Bank B;Maintenance and new functionality release 1.1 on one application;2010;Banking;Finance & Risk;Plan-driven;JAVA;Major Enhancement (25-75% new);292;10,90;1.134.645;;;;;;;1;0;0;0;0;1;0;0;0;0;0;0;0;0;0;0;0;0;0
343;Bank A;"Maintenance and enhancements release on an existing payments application; Release 2012.1 GBS (Core Banking System)";2012;Banking;Payments;Plan-driven;JAVA;Major Enhancement (25-75% new);176;2,94;332.110;;;;;;;1;0;0;0;0;1;0;0;0;0;0;0;0;0;0;0;0;1;0
18;Bank B;Maestro Release 7.0;2009;Banking;Organization;Plan-driven;MAESTRO;Major Enhancement (25-75% new);427;5,26;1.127.000;;;;;;;1;0;0;0;0;1;0;0;0;0;0;0;0;0;0;0;0;1;0
64;Bank B;HTC Release 9.0 - Advice O/A;2010;Banking;Finance & Risk;Plan-driven;POWERBUILDER;Major Enhancement (25-75% new);321;9,39;700.734;;;;;;;1;0;0;0;0;1;0;0;0;0;0;0;0;0;0;1;0;0;0
108;Bank B;EDV (Extended Duration Treasury Vanguard) Q1 2011 Release;2011;Banking;Savings & Loans;Plan-driven;PRISMA;Major Enhancement (25-75% new);238;4,57;495.156;;;;;;;1;0;0;0;0;1;0;0;0;0;0;0;0;0;0;0;0;0;0
155;Bank A;"Maintenance and new functionality release on an existing callcenter application (speak-riven); release R2";2008;Banking;Call Center Solutions;Plan-driven;SQL;Major Enhancement (25-75% new);192;12,07;1.515.633;;;;;;;1;0;0;0;0;1;0;0;0;0;0;0;0;0;0;0;0;1;0
174;Bank A;"Maintenance and new functionality release on an existing data warehouse application; Release 4&5";2009;Banking;Data Warehouse & BI;Plan-driven;Visual Basic;Major Enhancement (25-75% new);567;15,27;1.186.611;;;;;;;1;0;0;0;0;1;0;0;0;0;0;0;0;0;0;0;0;1;0
178;Bank A;"Maintenance and enhancement release on an existing data warehouse application; Private Banking Release 1";2009;Banking;Data Warehouse & BI;Plan-driven;Visual Basic;Major Enhancement (25-75% new);210;5,94;147.944;;;;;;;1;0;0;0;1;0;1;0;0;0;0;0;0;0;0;0;1;0;0
47;Bank B;OH Silo ORCA - ARC200901;2009;Banking;Payments;Plan-driven;COBOL;Conversion (<5% new);15;3,35;57.333;;;;;;;1;0;0;0;0;1;0;0;0;0;0;0;0;0;0;0;0;0;0
15;Bank B;Maintenance Cheques;2008;Banking;Payments;Plan-driven;JAVA;Conversion (<5% new);35;6,27;291.300;;;;;;;1;0;0;0;0;0;0;0;0;0;0;0;0;0;0;1;0;0;0
90;Bank B;Realisation BBB Release 1 ;2010;Banking;Finance & Risk;Plan-driven;JAVA;Conversion (<5% new);1380;23,19;6.169.489;;;;;;;1;0;0;0;0;1;0;0;0;0;0;0;0;0;0;0;0;0;0
160;Bank A;"Maintenance and new functionality release on an existing data warehouse & BI application; release 2";2008;Banking;Data Warehouse & BI;Plan-driven;SQL;Conversion (<5% new);497;21,15;869.011;;;;;;;1;0;0;0;0;1;0;0;0;0;0;0;0;0;0;0;0;0;0
5;Bank B;Maintenance release on one application;2008;Banking;Savings & Loans;Plan-driven;.NET;New Development;93;4,19;187.880;;2;;;;;1;0;0;0;0;1;0;0;0;0;0;0;0;0;0;0;0;0;0
2;Bank B;Maintenance on an existing Care application;2008;Banking;Payments;Plan-driven;.NET;New Development;75;3,81;343.250;;;;;;;1;0;0;0;0;0;0;0;0;0;0;0;0;0;0;0;0;0;0
1;Bank B;Small maintenance release;2009;Banking;Payments;Plan-driven;COBOL;New Development;47;4,90;489.620;;;;;;;1;0;0;0;0;0;0;0;0;0;0;0;0;0;0;0;0;0;0
3;Bank B;Maintenance release on one application;2009;Banking;Payments;Plan-driven;JAVA;New Development;128;7,48;989.570;;;;;;;1;0;0;0;0;1;0;0;0;0;0;0;0;0;0;0;0;0;0
7;Bank B;RIBB release 3.8;2009;Banking;Savings & Loans;Plan-driven;JAVA;Minor Enhancement (5-25% new);107;6,55;212.130;;;;;;;1;0;0;0;0;1;0;0;0;0;0;0;0;0;0;0;0;0;0
8;Bank B;Realisation Anonymous Release  3.0;2009;Banking;Client and Account Management;Plan-driven;.NET;Major Enhancement (25-75% new);56;3,58;458.370;;;;;;;1;0;0;0;0;1;0;0;0;0;0;0;0;0;0;0;0;0;0
4;Bank B;Maintenance release on one application;2008;Banking;Savings & Loans;Plan-driven;Pakket;Major Enhancement (25-75% new);131;4,38;1.115.640;;;;;;;1;0;0;0;0;1;0;0;0;0;0;0;0;0;0;0;0;0;0
;;;;;;;;;;;;;;;;;;;;;;;;;;;;;;;;;;;;
